{
  "type": "FeatureCollection",
  "name": "cat_parcelas_lujan",
  "crs": {
    "type": "name",
    "properties": {
      "name": "urn:ogc:def:crs:OGC:1.3:CRS84"
    }
  },
  "features": [
    {
      "type": "Feature",
      "id": "parcela.1",
      "geometry": {
        "type": "Polygon",
        "coordinates": [
          [
            [
              -68.8815,
              -33.058
            ],
            [
              -68.8804,
              -33.058
            ],
            [
              -68.8804,
              -33.0571
            ],
            [
              -68.8815,
              -33.0571
            ],
            [
              -68.8815,
              -33.058
            ]
          ]
        ]
      },
      "properties": {
        "fid": 1,
        "padron": 14001,
        "nomenclatura": "06-01-01-01-01",
        "distrito": "CIUDAD",
        "barrio_paraje": "Casco Histórico Luján",
        "calle": "Calle A",
        "numero": 150,
        "superficie_m2": 12268,
        "zonificacion": "R1 - Residencial Central",
        "fos_max": 0.7,
        "fot_max": 1.8,
        "estado_edificacion": "Edificado",
        "servicios": "Agua potable, Cloacas, Red de Gas, Electricidad",
        "titularidad": "Privada Registrada",
        "fuente": "Dirección de Catastro Municipal - Luján de Cuyo",
        "val_fiscal": 1042780000
      }
    },
    {
      "type": "Feature",
      "id": "parcela.2",
      "geometry": {
        "type": "Polygon",
        "coordinates": [
          [
            [
              -68.8802,
              -33.058
            ],
            [
              -68.8791,
              -33.058
            ],
            [
              -68.8791,
              -33.0571
            ],
            [
              -68.8802,
              -33.0571
            ],
            [
              -68.8802,
              -33.058
            ]
          ]
        ]
      },
      "properties": {
        "fid": 2,
        "padron": 14002,
        "nomenclatura": "06-01-01-01-02",
        "distrito": "CIUDAD",
        "barrio_paraje": "Casco Histórico Luján",
        "calle": "Calle A",
        "numero": 200,
        "superficie_m2": 12268,
        "zonificacion": "R1 - Residencial Central",
        "fos_max": 0.7,
        "fot_max": 1.8,
        "estado_edificacion": "Edificado",
        "servicios": "Agua potable, Cloacas, Red de Gas, Electricidad",
        "titularidad": "Privada Registrada",
        "fuente": "Dirección de Catastro Municipal - Luján de Cuyo",
        "val_fiscal": 1042780000
      }
    },
    {
      "type": "Feature",
      "id": "parcela.3",
      "geometry": {
        "type": "Polygon",
        "coordinates": [
          [
            [
              -68.8815,
              -33.0569
            ],
            [
              -68.8804,
              -33.0569
            ],
            [
              -68.8804,
              -33.056
            ],
            [
              -68.8815,
              -33.056
            ],
            [
              -68.8815,
              -33.0569
            ]
          ]
        ]
      },
      "properties": {
        "fid": 3,
        "padron": 14003,
        "nomenclatura": "06-01-01-01-03",
        "distrito": "CIUDAD",
        "barrio_paraje": "Casco Histórico Luján",
        "calle": "Calle A",
        "numero": 250,
        "superficie_m2": 12268,
        "zonificacion": "R1 - Residencial Central",
        "fos_max": 0.7,
        "fot_max": 1.8,
        "estado_edificacion": "Edificado",
        "servicios": "Agua potable, Cloacas, Red de Gas, Electricidad",
        "titularidad": "Privada Registrada",
        "fuente": "Dirección de Catastro Municipal - Luján de Cuyo",
        "val_fiscal": 1042780000
      }
    },
    {
      "type": "Feature",
      "id": "parcela.4",
      "geometry": {
        "type": "Polygon",
        "coordinates": [
          [
            [
              -68.8802,
              -33.0569
            ],
            [
              -68.8791,
              -33.0569
            ],
            [
              -68.8791,
              -33.056
            ],
            [
              -68.8802,
              -33.056
            ],
            [
              -68.8802,
              -33.0569
            ]
          ]
        ]
      },
      "properties": {
        "fid": 4,
        "padron": 14004,
        "nomenclatura": "06-01-01-01-04",
        "distrito": "CIUDAD",
        "barrio_paraje": "Casco Histórico Luján",
        "calle": "Calle A",
        "numero": 300,
        "superficie_m2": 12268,
        "zonificacion": "R1 - Residencial Central",
        "fos_max": 0.7,
        "fot_max": 1.8,
        "estado_edificacion": "Baldío",
        "servicios": "Agua potable, Cloacas, Red de Gas, Electricidad",
        "titularidad": "Privada Registrada",
        "fuente": "Dirección de Catastro Municipal - Luján de Cuyo",
        "val_fiscal": 1042780000
      }
    },
    {
      "type": "Feature",
      "id": "parcela.5",
      "geometry": {
        "type": "Polygon",
        "coordinates": [
          [
            [
              -68.878,
              -33.058
            ],
            [
              -68.8769,
              -33.058
            ],
            [
              -68.8769,
              -33.0571
            ],
            [
              -68.878,
              -33.0571
            ],
            [
              -68.878,
              -33.058
            ]
          ]
        ]
      },
      "properties": {
        "fid": 5,
        "padron": 14005,
        "nomenclatura": "06-01-01-02-01",
        "distrito": "CIUDAD",
        "barrio_paraje": "Casco Histórico Luján",
        "calle": "Calle B",
        "numero": 150,
        "superficie_m2": 12268,
        "zonificacion": "R1 - Residencial Central",
        "fos_max": 0.7,
        "fot_max": 1.8,
        "estado_edificacion": "Edificado",
        "servicios": "Agua potable, Cloacas, Red de Gas, Electricidad",
        "titularidad": "Privada Registrada",
        "fuente": "Dirección de Catastro Municipal - Luján de Cuyo",
        "val_fiscal": 1042780000
      }
    },
    {
      "type": "Feature",
      "id": "parcela.6",
      "geometry": {
        "type": "Polygon",
        "coordinates": [
          [
            [
              -68.8767,
              -33.058
            ],
            [
              -68.8756,
              -33.058
            ],
            [
              -68.8756,
              -33.0571
            ],
            [
              -68.8767,
              -33.0571
            ],
            [
              -68.8767,
              -33.058
            ]
          ]
        ]
      },
      "properties": {
        "fid": 6,
        "padron": 14006,
        "nomenclatura": "06-01-01-02-02",
        "distrito": "CIUDAD",
        "barrio_paraje": "Casco Histórico Luján",
        "calle": "Calle B",
        "numero": 200,
        "superficie_m2": 12268,
        "zonificacion": "R1 - Residencial Central",
        "fos_max": 0.7,
        "fot_max": 1.8,
        "estado_edificacion": "Edificado",
        "servicios": "Agua potable, Cloacas, Red de Gas, Electricidad",
        "titularidad": "Privada Registrada",
        "fuente": "Dirección de Catastro Municipal - Luján de Cuyo",
        "val_fiscal": 1042780000
      }
    },
    {
      "type": "Feature",
      "id": "parcela.7",
      "geometry": {
        "type": "Polygon",
        "coordinates": [
          [
            [
              -68.878,
              -33.0569
            ],
            [
              -68.8769,
              -33.0569
            ],
            [
              -68.8769,
              -33.056
            ],
            [
              -68.878,
              -33.056
            ],
            [
              -68.878,
              -33.0569
            ]
          ]
        ]
      },
      "properties": {
        "fid": 7,
        "padron": 14007,
        "nomenclatura": "06-01-01-02-03",
        "distrito": "CIUDAD",
        "barrio_paraje": "Casco Histórico Luján",
        "calle": "Calle B",
        "numero": 250,
        "superficie_m2": 12268,
        "zonificacion": "R1 - Residencial Central",
        "fos_max": 0.7,
        "fot_max": 1.8,
        "estado_edificacion": "Edificado",
        "servicios": "Agua potable, Cloacas, Red de Gas, Electricidad",
        "titularidad": "Privada Registrada",
        "fuente": "Dirección de Catastro Municipal - Luján de Cuyo",
        "val_fiscal": 1042780000
      }
    },
    {
      "type": "Feature",
      "id": "parcela.8",
      "geometry": {
        "type": "Polygon",
        "coordinates": [
          [
            [
              -68.8767,
              -33.0569
            ],
            [
              -68.8756,
              -33.0569
            ],
            [
              -68.8756,
              -33.056
            ],
            [
              -68.8767,
              -33.056
            ],
            [
              -68.8767,
              -33.0569
            ]
          ]
        ]
      },
      "properties": {
        "fid": 8,
        "padron": 14008,
        "nomenclatura": "06-01-01-02-04",
        "distrito": "CIUDAD",
        "barrio_paraje": "Casco Histórico Luján",
        "calle": "Calle B",
        "numero": 300,
        "superficie_m2": 12268,
        "zonificacion": "R1 - Residencial Central",
        "fos_max": 0.7,
        "fot_max": 1.8,
        "estado_edificacion": "Baldío",
        "servicios": "Agua potable, Cloacas, Red de Gas, Electricidad",
        "titularidad": "Privada Registrada",
        "fuente": "Dirección de Catastro Municipal - Luján de Cuyo",
        "val_fiscal": 1042780000
      }
    },
    {
      "type": "Feature",
      "id": "parcela.9",
      "geometry": {
        "type": "Polygon",
        "coordinates": [
          [
            [
              -68.8745,
              -33.058
            ],
            [
              -68.8734,
              -33.058
            ],
            [
              -68.8734,
              -33.0571
            ],
            [
              -68.8745,
              -33.0571
            ],
            [
              -68.8745,
              -33.058
            ]
          ]
        ]
      },
      "properties": {
        "fid": 9,
        "padron": 14009,
        "nomenclatura": "06-01-01-03-01",
        "distrito": "CIUDAD",
        "barrio_paraje": "Casco Histórico Luján",
        "calle": "Calle C",
        "numero": 150,
        "superficie_m2": 12268,
        "zonificacion": "R1 - Residencial Central",
        "fos_max": 0.7,
        "fot_max": 1.8,
        "estado_edificacion": "Edificado",
        "servicios": "Agua potable, Cloacas, Red de Gas, Electricidad",
        "titularidad": "Privada Registrada",
        "fuente": "Dirección de Catastro Municipal - Luján de Cuyo",
        "val_fiscal": 1042780000
      }
    },
    {
      "type": "Feature",
      "id": "parcela.10",
      "geometry": {
        "type": "Polygon",
        "coordinates": [
          [
            [
              -68.8732,
              -33.058
            ],
            [
              -68.8721,
              -33.058
            ],
            [
              -68.8721,
              -33.0571
            ],
            [
              -68.8732,
              -33.0571
            ],
            [
              -68.8732,
              -33.058
            ]
          ]
        ]
      },
      "properties": {
        "fid": 10,
        "padron": 14010,
        "nomenclatura": "06-01-01-03-02",
        "distrito": "CIUDAD",
        "barrio_paraje": "Casco Histórico Luján",
        "calle": "Calle C",
        "numero": 200,
        "superficie_m2": 12268,
        "zonificacion": "R1 - Residencial Central",
        "fos_max": 0.7,
        "fot_max": 1.8,
        "estado_edificacion": "Edificado",
        "servicios": "Agua potable, Cloacas, Red de Gas, Electricidad",
        "titularidad": "Privada Registrada",
        "fuente": "Dirección de Catastro Municipal - Luján de Cuyo",
        "val_fiscal": 1042780000
      }
    },
    {
      "type": "Feature",
      "id": "parcela.11",
      "geometry": {
        "type": "Polygon",
        "coordinates": [
          [
            [
              -68.8745,
              -33.0569
            ],
            [
              -68.8734,
              -33.0569
            ],
            [
              -68.8734,
              -33.056
            ],
            [
              -68.8745,
              -33.056
            ],
            [
              -68.8745,
              -33.0569
            ]
          ]
        ]
      },
      "properties": {
        "fid": 11,
        "padron": 14011,
        "nomenclatura": "06-01-01-03-03",
        "distrito": "CIUDAD",
        "barrio_paraje": "Casco Histórico Luján",
        "calle": "Calle C",
        "numero": 250,
        "superficie_m2": 12268,
        "zonificacion": "R1 - Residencial Central",
        "fos_max": 0.7,
        "fot_max": 1.8,
        "estado_edificacion": "Edificado",
        "servicios": "Agua potable, Cloacas, Red de Gas, Electricidad",
        "titularidad": "Privada Registrada",
        "fuente": "Dirección de Catastro Municipal - Luján de Cuyo",
        "val_fiscal": 1042780000
      }
    },
    {
      "type": "Feature",
      "id": "parcela.12",
      "geometry": {
        "type": "Polygon",
        "coordinates": [
          [
            [
              -68.8732,
              -33.0569
            ],
            [
              -68.8721,
              -33.0569
            ],
            [
              -68.8721,
              -33.056
            ],
            [
              -68.8732,
              -33.056
            ],
            [
              -68.8732,
              -33.0569
            ]
          ]
        ]
      },
      "properties": {
        "fid": 12,
        "padron": 14012,
        "nomenclatura": "06-01-01-03-04",
        "distrito": "CIUDAD",
        "barrio_paraje": "Casco Histórico Luján",
        "calle": "Calle C",
        "numero": 300,
        "superficie_m2": 12268,
        "zonificacion": "R1 - Residencial Central",
        "fos_max": 0.7,
        "fot_max": 1.8,
        "estado_edificacion": "Baldío",
        "servicios": "Agua potable, Cloacas, Red de Gas, Electricidad",
        "titularidad": "Privada Registrada",
        "fuente": "Dirección de Catastro Municipal - Luján de Cuyo",
        "val_fiscal": 1042780000
      }
    },
    {
      "type": "Feature",
      "id": "parcela.13",
      "geometry": {
        "type": "Polygon",
        "coordinates": [
          [
            [
              -68.8815,
              -33.055
            ],
            [
              -68.8804,
              -33.055
            ],
            [
              -68.8804,
              -33.0541
            ],
            [
              -68.8815,
              -33.0541
            ],
            [
              -68.8815,
              -33.055
            ]
          ]
        ]
      },
      "properties": {
        "fid": 13,
        "padron": 14013,
        "nomenclatura": "06-01-02-01-01",
        "distrito": "CIUDAD",
        "barrio_paraje": "Casco Histórico Luján",
        "calle": "Calle A",
        "numero": 250,
        "superficie_m2": 12268,
        "zonificacion": "R1 - Residencial Central",
        "fos_max": 0.7,
        "fot_max": 1.8,
        "estado_edificacion": "Edificado",
        "servicios": "Agua potable, Cloacas, Red de Gas, Electricidad",
        "titularidad": "Privada Registrada",
        "fuente": "Dirección de Catastro Municipal - Luján de Cuyo",
        "val_fiscal": 1042780000
      }
    },
    {
      "type": "Feature",
      "id": "parcela.14",
      "geometry": {
        "type": "Polygon",
        "coordinates": [
          [
            [
              -68.8802,
              -33.055
            ],
            [
              -68.8791,
              -33.055
            ],
            [
              -68.8791,
              -33.0541
            ],
            [
              -68.8802,
              -33.0541
            ],
            [
              -68.8802,
              -33.055
            ]
          ]
        ]
      },
      "properties": {
        "fid": 14,
        "padron": 14014,
        "nomenclatura": "06-01-02-01-02",
        "distrito": "CIUDAD",
        "barrio_paraje": "Casco Histórico Luján",
        "calle": "Calle A",
        "numero": 300,
        "superficie_m2": 12268,
        "zonificacion": "R1 - Residencial Central",
        "fos_max": 0.7,
        "fot_max": 1.8,
        "estado_edificacion": "Edificado",
        "servicios": "Agua potable, Cloacas, Red de Gas, Electricidad",
        "titularidad": "Privada Registrada",
        "fuente": "Dirección de Catastro Municipal - Luján de Cuyo",
        "val_fiscal": 1042780000
      }
    },
    {
      "type": "Feature",
      "id": "parcela.15",
      "geometry": {
        "type": "Polygon",
        "coordinates": [
          [
            [
              -68.8815,
              -33.0539
            ],
            [
              -68.8804,
              -33.0539
            ],
            [
              -68.8804,
              -33.053
            ],
            [
              -68.8815,
              -33.053
            ],
            [
              -68.8815,
              -33.0539
            ]
          ]
        ]
      },
      "properties": {
        "fid": 15,
        "padron": 14015,
        "nomenclatura": "06-01-02-01-03",
        "distrito": "CIUDAD",
        "barrio_paraje": "Casco Histórico Luján",
        "calle": "Calle A",
        "numero": 350,
        "superficie_m2": 12268,
        "zonificacion": "R1 - Residencial Central",
        "fos_max": 0.7,
        "fot_max": 1.8,
        "estado_edificacion": "Edificado",
        "servicios": "Agua potable, Cloacas, Red de Gas, Electricidad",
        "titularidad": "Privada Registrada",
        "fuente": "Dirección de Catastro Municipal - Luján de Cuyo",
        "val_fiscal": 1042780000
      }
    },
    {
      "type": "Feature",
      "id": "parcela.16",
      "geometry": {
        "type": "Polygon",
        "coordinates": [
          [
            [
              -68.8802,
              -33.0539
            ],
            [
              -68.8791,
              -33.0539
            ],
            [
              -68.8791,
              -33.053
            ],
            [
              -68.8802,
              -33.053
            ],
            [
              -68.8802,
              -33.0539
            ]
          ]
        ]
      },
      "properties": {
        "fid": 16,
        "padron": 14016,
        "nomenclatura": "06-01-02-01-04",
        "distrito": "CIUDAD",
        "barrio_paraje": "Casco Histórico Luján",
        "calle": "Calle A",
        "numero": 400,
        "superficie_m2": 12268,
        "zonificacion": "R1 - Residencial Central",
        "fos_max": 0.7,
        "fot_max": 1.8,
        "estado_edificacion": "Baldío",
        "servicios": "Agua potable, Cloacas, Red de Gas, Electricidad",
        "titularidad": "Privada Registrada",
        "fuente": "Dirección de Catastro Municipal - Luján de Cuyo",
        "val_fiscal": 1042780000
      }
    },
    {
      "type": "Feature",
      "id": "parcela.17",
      "geometry": {
        "type": "Polygon",
        "coordinates": [
          [
            [
              -68.878,
              -33.055
            ],
            [
              -68.8769,
              -33.055
            ],
            [
              -68.8769,
              -33.0541
            ],
            [
              -68.878,
              -33.0541
            ],
            [
              -68.878,
              -33.055
            ]
          ]
        ]
      },
      "properties": {
        "fid": 17,
        "padron": 14017,
        "nomenclatura": "06-01-02-02-01",
        "distrito": "CIUDAD",
        "barrio_paraje": "Casco Histórico Luján",
        "calle": "Calle B",
        "numero": 250,
        "superficie_m2": 12268,
        "zonificacion": "R1 - Residencial Central",
        "fos_max": 0.7,
        "fot_max": 1.8,
        "estado_edificacion": "Edificado",
        "servicios": "Agua potable, Cloacas, Red de Gas, Electricidad",
        "titularidad": "Privada Registrada",
        "fuente": "Dirección de Catastro Municipal - Luján de Cuyo",
        "val_fiscal": 1042780000
      }
    },
    {
      "type": "Feature",
      "id": "parcela.18",
      "geometry": {
        "type": "Polygon",
        "coordinates": [
          [
            [
              -68.8767,
              -33.055
            ],
            [
              -68.8756,
              -33.055
            ],
            [
              -68.8756,
              -33.0541
            ],
            [
              -68.8767,
              -33.0541
            ],
            [
              -68.8767,
              -33.055
            ]
          ]
        ]
      },
      "properties": {
        "fid": 18,
        "padron": 14018,
        "nomenclatura": "06-01-02-02-02",
        "distrito": "CIUDAD",
        "barrio_paraje": "Casco Histórico Luján",
        "calle": "Calle B",
        "numero": 300,
        "superficie_m2": 12268,
        "zonificacion": "R1 - Residencial Central",
        "fos_max": 0.7,
        "fot_max": 1.8,
        "estado_edificacion": "Edificado",
        "servicios": "Agua potable, Cloacas, Red de Gas, Electricidad",
        "titularidad": "Privada Registrada",
        "fuente": "Dirección de Catastro Municipal - Luján de Cuyo",
        "val_fiscal": 1042780000
      }
    },
    {
      "type": "Feature",
      "id": "parcela.19",
      "geometry": {
        "type": "Polygon",
        "coordinates": [
          [
            [
              -68.878,
              -33.0539
            ],
            [
              -68.8769,
              -33.0539
            ],
            [
              -68.8769,
              -33.053
            ],
            [
              -68.878,
              -33.053
            ],
            [
              -68.878,
              -33.0539
            ]
          ]
        ]
      },
      "properties": {
        "fid": 19,
        "padron": 14019,
        "nomenclatura": "06-01-02-02-03",
        "distrito": "CIUDAD",
        "barrio_paraje": "Casco Histórico Luján",
        "calle": "Calle B",
        "numero": 350,
        "superficie_m2": 12268,
        "zonificacion": "R1 - Residencial Central",
        "fos_max": 0.7,
        "fot_max": 1.8,
        "estado_edificacion": "Edificado",
        "servicios": "Agua potable, Cloacas, Red de Gas, Electricidad",
        "titularidad": "Privada Registrada",
        "fuente": "Dirección de Catastro Municipal - Luján de Cuyo",
        "val_fiscal": 1042780000
      }
    },
    {
      "type": "Feature",
      "id": "parcela.20",
      "geometry": {
        "type": "Polygon",
        "coordinates": [
          [
            [
              -68.8767,
              -33.0539
            ],
            [
              -68.8756,
              -33.0539
            ],
            [
              -68.8756,
              -33.053
            ],
            [
              -68.8767,
              -33.053
            ],
            [
              -68.8767,
              -33.0539
            ]
          ]
        ]
      },
      "properties": {
        "fid": 20,
        "padron": 14020,
        "nomenclatura": "06-01-02-02-04",
        "distrito": "CIUDAD",
        "barrio_paraje": "Casco Histórico Luján",
        "calle": "Calle B",
        "numero": 400,
        "superficie_m2": 12268,
        "zonificacion": "R1 - Residencial Central",
        "fos_max": 0.7,
        "fot_max": 1.8,
        "estado_edificacion": "Baldío",
        "servicios": "Agua potable, Cloacas, Red de Gas, Electricidad",
        "titularidad": "Privada Registrada",
        "fuente": "Dirección de Catastro Municipal - Luján de Cuyo",
        "val_fiscal": 1042780000
      }
    },
    {
      "type": "Feature",
      "id": "parcela.21",
      "geometry": {
        "type": "Polygon",
        "coordinates": [
          [
            [
              -68.8745,
              -33.055
            ],
            [
              -68.8734,
              -33.055
            ],
            [
              -68.8734,
              -33.0541
            ],
            [
              -68.8745,
              -33.0541
            ],
            [
              -68.8745,
              -33.055
            ]
          ]
        ]
      },
      "properties": {
        "fid": 21,
        "padron": 14021,
        "nomenclatura": "06-01-02-03-01",
        "distrito": "CIUDAD",
        "barrio_paraje": "Casco Histórico Luján",
        "calle": "Calle C",
        "numero": 250,
        "superficie_m2": 12268,
        "zonificacion": "R1 - Residencial Central",
        "fos_max": 0.7,
        "fot_max": 1.8,
        "estado_edificacion": "Edificado",
        "servicios": "Agua potable, Cloacas, Red de Gas, Electricidad",
        "titularidad": "Privada Registrada",
        "fuente": "Dirección de Catastro Municipal - Luján de Cuyo",
        "val_fiscal": 1042780000
      }
    },
    {
      "type": "Feature",
      "id": "parcela.22",
      "geometry": {
        "type": "Polygon",
        "coordinates": [
          [
            [
              -68.8732,
              -33.055
            ],
            [
              -68.8721,
              -33.055
            ],
            [
              -68.8721,
              -33.0541
            ],
            [
              -68.8732,
              -33.0541
            ],
            [
              -68.8732,
              -33.055
            ]
          ]
        ]
      },
      "properties": {
        "fid": 22,
        "padron": 14022,
        "nomenclatura": "06-01-02-03-02",
        "distrito": "CIUDAD",
        "barrio_paraje": "Casco Histórico Luján",
        "calle": "Calle C",
        "numero": 300,
        "superficie_m2": 12268,
        "zonificacion": "R1 - Residencial Central",
        "fos_max": 0.7,
        "fot_max": 1.8,
        "estado_edificacion": "Edificado",
        "servicios": "Agua potable, Cloacas, Red de Gas, Electricidad",
        "titularidad": "Privada Registrada",
        "fuente": "Dirección de Catastro Municipal - Luján de Cuyo",
        "val_fiscal": 1042780000
      }
    },
    {
      "type": "Feature",
      "id": "parcela.23",
      "geometry": {
        "type": "Polygon",
        "coordinates": [
          [
            [
              -68.8745,
              -33.0539
            ],
            [
              -68.8734,
              -33.0539
            ],
            [
              -68.8734,
              -33.053
            ],
            [
              -68.8745,
              -33.053
            ],
            [
              -68.8745,
              -33.0539
            ]
          ]
        ]
      },
      "properties": {
        "fid": 23,
        "padron": 14023,
        "nomenclatura": "06-01-02-03-03",
        "distrito": "CIUDAD",
        "barrio_paraje": "Casco Histórico Luján",
        "calle": "Calle C",
        "numero": 350,
        "superficie_m2": 12268,
        "zonificacion": "R1 - Residencial Central",
        "fos_max": 0.7,
        "fot_max": 1.8,
        "estado_edificacion": "Edificado",
        "servicios": "Agua potable, Cloacas, Red de Gas, Electricidad",
        "titularidad": "Privada Registrada",
        "fuente": "Dirección de Catastro Municipal - Luján de Cuyo",
        "val_fiscal": 1042780000
      }
    },
    {
      "type": "Feature",
      "id": "parcela.24",
      "geometry": {
        "type": "Polygon",
        "coordinates": [
          [
            [
              -68.8732,
              -33.0539
            ],
            [
              -68.8721,
              -33.0539
            ],
            [
              -68.8721,
              -33.053
            ],
            [
              -68.8732,
              -33.053
            ],
            [
              -68.8732,
              -33.0539
            ]
          ]
        ]
      },
      "properties": {
        "fid": 24,
        "padron": 14024,
        "nomenclatura": "06-01-02-03-04",
        "distrito": "CIUDAD",
        "barrio_paraje": "Casco Histórico Luján",
        "calle": "Calle C",
        "numero": 400,
        "superficie_m2": 12268,
        "zonificacion": "R1 - Residencial Central",
        "fos_max": 0.7,
        "fot_max": 1.8,
        "estado_edificacion": "Baldío",
        "servicios": "Agua potable, Cloacas, Red de Gas, Electricidad",
        "titularidad": "Privada Registrada",
        "fuente": "Dirección de Catastro Municipal - Luján de Cuyo",
        "val_fiscal": 1042780000
      }
    },
    {
      "type": "Feature",
      "id": "parcela.25",
      "geometry": {
        "type": "Polygon",
        "coordinates": [
          [
            [
              -68.8815,
              -33.052
            ],
            [
              -68.8804,
              -33.052
            ],
            [
              -68.8804,
              -33.0511
            ],
            [
              -68.8815,
              -33.0511
            ],
            [
              -68.8815,
              -33.052
            ]
          ]
        ]
      },
      "properties": {
        "fid": 25,
        "padron": 14025,
        "nomenclatura": "06-01-03-01-01",
        "distrito": "CIUDAD",
        "barrio_paraje": "Casco Histórico Luján",
        "calle": "Calle A",
        "numero": 350,
        "superficie_m2": 12268,
        "zonificacion": "R1 - Residencial Central",
        "fos_max": 0.7,
        "fot_max": 1.8,
        "estado_edificacion": "Edificado",
        "servicios": "Agua potable, Cloacas, Red de Gas, Electricidad",
        "titularidad": "Privada Registrada",
        "fuente": "Dirección de Catastro Municipal - Luján de Cuyo",
        "val_fiscal": 1042780000
      }
    },
    {
      "type": "Feature",
      "id": "parcela.26",
      "geometry": {
        "type": "Polygon",
        "coordinates": [
          [
            [
              -68.8802,
              -33.052
            ],
            [
              -68.8791,
              -33.052
            ],
            [
              -68.8791,
              -33.0511
            ],
            [
              -68.8802,
              -33.0511
            ],
            [
              -68.8802,
              -33.052
            ]
          ]
        ]
      },
      "properties": {
        "fid": 26,
        "padron": 14026,
        "nomenclatura": "06-01-03-01-02",
        "distrito": "CIUDAD",
        "barrio_paraje": "Casco Histórico Luján",
        "calle": "Calle A",
        "numero": 400,
        "superficie_m2": 12268,
        "zonificacion": "R1 - Residencial Central",
        "fos_max": 0.7,
        "fot_max": 1.8,
        "estado_edificacion": "Edificado",
        "servicios": "Agua potable, Cloacas, Red de Gas, Electricidad",
        "titularidad": "Privada Registrada",
        "fuente": "Dirección de Catastro Municipal - Luján de Cuyo",
        "val_fiscal": 1042780000
      }
    },
    {
      "type": "Feature",
      "id": "parcela.27",
      "geometry": {
        "type": "Polygon",
        "coordinates": [
          [
            [
              -68.8815,
              -33.0509
            ],
            [
              -68.8804,
              -33.0509
            ],
            [
              -68.8804,
              -33.05
            ],
            [
              -68.8815,
              -33.05
            ],
            [
              -68.8815,
              -33.0509
            ]
          ]
        ]
      },
      "properties": {
        "fid": 27,
        "padron": 14027,
        "nomenclatura": "06-01-03-01-03",
        "distrito": "CIUDAD",
        "barrio_paraje": "Casco Histórico Luján",
        "calle": "Calle A",
        "numero": 450,
        "superficie_m2": 12268,
        "zonificacion": "R1 - Residencial Central",
        "fos_max": 0.7,
        "fot_max": 1.8,
        "estado_edificacion": "Edificado",
        "servicios": "Agua potable, Cloacas, Red de Gas, Electricidad",
        "titularidad": "Privada Registrada",
        "fuente": "Dirección de Catastro Municipal - Luján de Cuyo",
        "val_fiscal": 1042780000
      }
    },
    {
      "type": "Feature",
      "id": "parcela.28",
      "geometry": {
        "type": "Polygon",
        "coordinates": [
          [
            [
              -68.8802,
              -33.0509
            ],
            [
              -68.8791,
              -33.0509
            ],
            [
              -68.8791,
              -33.05
            ],
            [
              -68.8802,
              -33.05
            ],
            [
              -68.8802,
              -33.0509
            ]
          ]
        ]
      },
      "properties": {
        "fid": 28,
        "padron": 14028,
        "nomenclatura": "06-01-03-01-04",
        "distrito": "CIUDAD",
        "barrio_paraje": "Casco Histórico Luján",
        "calle": "Calle A",
        "numero": 500,
        "superficie_m2": 12268,
        "zonificacion": "R1 - Residencial Central",
        "fos_max": 0.7,
        "fot_max": 1.8,
        "estado_edificacion": "Baldío",
        "servicios": "Agua potable, Cloacas, Red de Gas, Electricidad",
        "titularidad": "Privada Registrada",
        "fuente": "Dirección de Catastro Municipal - Luján de Cuyo",
        "val_fiscal": 1042780000
      }
    },
    {
      "type": "Feature",
      "id": "parcela.29",
      "geometry": {
        "type": "Polygon",
        "coordinates": [
          [
            [
              -68.878,
              -33.052
            ],
            [
              -68.8769,
              -33.052
            ],
            [
              -68.8769,
              -33.0511
            ],
            [
              -68.878,
              -33.0511
            ],
            [
              -68.878,
              -33.052
            ]
          ]
        ]
      },
      "properties": {
        "fid": 29,
        "padron": 14029,
        "nomenclatura": "06-01-03-02-01",
        "distrito": "CIUDAD",
        "barrio_paraje": "Casco Histórico Luján",
        "calle": "Calle B",
        "numero": 350,
        "superficie_m2": 12268,
        "zonificacion": "R1 - Residencial Central",
        "fos_max": 0.7,
        "fot_max": 1.8,
        "estado_edificacion": "Edificado",
        "servicios": "Agua potable, Cloacas, Red de Gas, Electricidad",
        "titularidad": "Privada Registrada",
        "fuente": "Dirección de Catastro Municipal - Luján de Cuyo",
        "val_fiscal": 1042780000
      }
    },
    {
      "type": "Feature",
      "id": "parcela.30",
      "geometry": {
        "type": "Polygon",
        "coordinates": [
          [
            [
              -68.8767,
              -33.052
            ],
            [
              -68.8756,
              -33.052
            ],
            [
              -68.8756,
              -33.0511
            ],
            [
              -68.8767,
              -33.0511
            ],
            [
              -68.8767,
              -33.052
            ]
          ]
        ]
      },
      "properties": {
        "fid": 30,
        "padron": 14030,
        "nomenclatura": "06-01-03-02-02",
        "distrito": "CIUDAD",
        "barrio_paraje": "Casco Histórico Luján",
        "calle": "Calle B",
        "numero": 400,
        "superficie_m2": 12268,
        "zonificacion": "R1 - Residencial Central",
        "fos_max": 0.7,
        "fot_max": 1.8,
        "estado_edificacion": "Edificado",
        "servicios": "Agua potable, Cloacas, Red de Gas, Electricidad",
        "titularidad": "Privada Registrada",
        "fuente": "Dirección de Catastro Municipal - Luján de Cuyo",
        "val_fiscal": 1042780000
      }
    },
    {
      "type": "Feature",
      "id": "parcela.31",
      "geometry": {
        "type": "Polygon",
        "coordinates": [
          [
            [
              -68.878,
              -33.0509
            ],
            [
              -68.8769,
              -33.0509
            ],
            [
              -68.8769,
              -33.05
            ],
            [
              -68.878,
              -33.05
            ],
            [
              -68.878,
              -33.0509
            ]
          ]
        ]
      },
      "properties": {
        "fid": 31,
        "padron": 14031,
        "nomenclatura": "06-01-03-02-03",
        "distrito": "CIUDAD",
        "barrio_paraje": "Casco Histórico Luján",
        "calle": "Calle B",
        "numero": 450,
        "superficie_m2": 12268,
        "zonificacion": "R1 - Residencial Central",
        "fos_max": 0.7,
        "fot_max": 1.8,
        "estado_edificacion": "Edificado",
        "servicios": "Agua potable, Cloacas, Red de Gas, Electricidad",
        "titularidad": "Privada Registrada",
        "fuente": "Dirección de Catastro Municipal - Luján de Cuyo",
        "val_fiscal": 1042780000
      }
    },
    {
      "type": "Feature",
      "id": "parcela.32",
      "geometry": {
        "type": "Polygon",
        "coordinates": [
          [
            [
              -68.8767,
              -33.0509
            ],
            [
              -68.8756,
              -33.0509
            ],
            [
              -68.8756,
              -33.05
            ],
            [
              -68.8767,
              -33.05
            ],
            [
              -68.8767,
              -33.0509
            ]
          ]
        ]
      },
      "properties": {
        "fid": 32,
        "padron": 14032,
        "nomenclatura": "06-01-03-02-04",
        "distrito": "CIUDAD",
        "barrio_paraje": "Casco Histórico Luján",
        "calle": "Calle B",
        "numero": 500,
        "superficie_m2": 12268,
        "zonificacion": "R1 - Residencial Central",
        "fos_max": 0.7,
        "fot_max": 1.8,
        "estado_edificacion": "Baldío",
        "servicios": "Agua potable, Cloacas, Red de Gas, Electricidad",
        "titularidad": "Privada Registrada",
        "fuente": "Dirección de Catastro Municipal - Luján de Cuyo",
        "val_fiscal": 1042780000
      }
    },
    {
      "type": "Feature",
      "id": "parcela.33",
      "geometry": {
        "type": "Polygon",
        "coordinates": [
          [
            [
              -68.8745,
              -33.052
            ],
            [
              -68.8734,
              -33.052
            ],
            [
              -68.8734,
              -33.0511
            ],
            [
              -68.8745,
              -33.0511
            ],
            [
              -68.8745,
              -33.052
            ]
          ]
        ]
      },
      "properties": {
        "fid": 33,
        "padron": 14033,
        "nomenclatura": "06-01-03-03-01",
        "distrito": "CIUDAD",
        "barrio_paraje": "Casco Histórico Luján",
        "calle": "Calle C",
        "numero": 350,
        "superficie_m2": 12268,
        "zonificacion": "R1 - Residencial Central",
        "fos_max": 0.7,
        "fot_max": 1.8,
        "estado_edificacion": "Edificado",
        "servicios": "Agua potable, Cloacas, Red de Gas, Electricidad",
        "titularidad": "Privada Registrada",
        "fuente": "Dirección de Catastro Municipal - Luján de Cuyo",
        "val_fiscal": 1042780000
      }
    },
    {
      "type": "Feature",
      "id": "parcela.34",
      "geometry": {
        "type": "Polygon",
        "coordinates": [
          [
            [
              -68.8732,
              -33.052
            ],
            [
              -68.8721,
              -33.052
            ],
            [
              -68.8721,
              -33.0511
            ],
            [
              -68.8732,
              -33.0511
            ],
            [
              -68.8732,
              -33.052
            ]
          ]
        ]
      },
      "properties": {
        "fid": 34,
        "padron": 14034,
        "nomenclatura": "06-01-03-03-02",
        "distrito": "CIUDAD",
        "barrio_paraje": "Casco Histórico Luján",
        "calle": "Calle C",
        "numero": 400,
        "superficie_m2": 12268,
        "zonificacion": "R1 - Residencial Central",
        "fos_max": 0.7,
        "fot_max": 1.8,
        "estado_edificacion": "Edificado",
        "servicios": "Agua potable, Cloacas, Red de Gas, Electricidad",
        "titularidad": "Privada Registrada",
        "fuente": "Dirección de Catastro Municipal - Luján de Cuyo",
        "val_fiscal": 1042780000
      }
    },
    {
      "type": "Feature",
      "id": "parcela.35",
      "geometry": {
        "type": "Polygon",
        "coordinates": [
          [
            [
              -68.8745,
              -33.0509
            ],
            [
              -68.8734,
              -33.0509
            ],
            [
              -68.8734,
              -33.05
            ],
            [
              -68.8745,
              -33.05
            ],
            [
              -68.8745,
              -33.0509
            ]
          ]
        ]
      },
      "properties": {
        "fid": 35,
        "padron": 14035,
        "nomenclatura": "06-01-03-03-03",
        "distrito": "CIUDAD",
        "barrio_paraje": "Casco Histórico Luján",
        "calle": "Calle C",
        "numero": 450,
        "superficie_m2": 12268,
        "zonificacion": "R1 - Residencial Central",
        "fos_max": 0.7,
        "fot_max": 1.8,
        "estado_edificacion": "Edificado",
        "servicios": "Agua potable, Cloacas, Red de Gas, Electricidad",
        "titularidad": "Privada Registrada",
        "fuente": "Dirección de Catastro Municipal - Luján de Cuyo",
        "val_fiscal": 1042780000
      }
    },
    {
      "type": "Feature",
      "id": "parcela.36",
      "geometry": {
        "type": "Polygon",
        "coordinates": [
          [
            [
              -68.8732,
              -33.0509
            ],
            [
              -68.8721,
              -33.0509
            ],
            [
              -68.8721,
              -33.05
            ],
            [
              -68.8732,
              -33.05
            ],
            [
              -68.8732,
              -33.0509
            ]
          ]
        ]
      },
      "properties": {
        "fid": 36,
        "padron": 14036,
        "nomenclatura": "06-01-03-03-04",
        "distrito": "CIUDAD",
        "barrio_paraje": "Casco Histórico Luján",
        "calle": "Calle C",
        "numero": 500,
        "superficie_m2": 12268,
        "zonificacion": "R1 - Residencial Central",
        "fos_max": 0.7,
        "fot_max": 1.8,
        "estado_edificacion": "Baldío",
        "servicios": "Agua potable, Cloacas, Red de Gas, Electricidad",
        "titularidad": "Privada Registrada",
        "fuente": "Dirección de Catastro Municipal - Luján de Cuyo",
        "val_fiscal": 1042780000
      }
    },
    {
      "type": "Feature",
      "id": "parcela.37",
      "geometry": {
        "type": "Polygon",
        "coordinates": [
          [
            [
              -68.8785,
              -33.005
            ],
            [
              -68.8774,
              -33.005
            ],
            [
              -68.8774,
              -33.0041
            ],
            [
              -68.8785,
              -33.0041
            ],
            [
              -68.8785,
              -33.005
            ]
          ]
        ]
      },
      "properties": {
        "fid": 37,
        "padron": 28037,
        "nomenclatura": "06-01-01-01-01",
        "distrito": "CHACRAS DE CORIA",
        "barrio_paraje": "Chacras Centro - Viamonte",
        "calle": "Calle A",
        "numero": 150,
        "superficie_m2": 12268,
        "zonificacion": "R3 - Residencial Baja Densidad",
        "fos_max": 0.4,
        "fot_max": 0.8,
        "estado_edificacion": "Edificado",
        "servicios": "Agua potable, Cloacas, Red de Gas, Electricidad",
        "titularidad": "Privada Registrada",
        "fuente": "Dirección de Catastro Municipal - Luján de Cuyo",
        "val_fiscal": 1042780000
      }
    },
    {
      "type": "Feature",
      "id": "parcela.38",
      "geometry": {
        "type": "Polygon",
        "coordinates": [
          [
            [
              -68.8772,
              -33.005
            ],
            [
              -68.8761,
              -33.005
            ],
            [
              -68.8761,
              -33.0041
            ],
            [
              -68.8772,
              -33.0041
            ],
            [
              -68.8772,
              -33.005
            ]
          ]
        ]
      },
      "properties": {
        "fid": 38,
        "padron": 28038,
        "nomenclatura": "06-01-01-01-02",
        "distrito": "CHACRAS DE CORIA",
        "barrio_paraje": "Chacras Centro - Viamonte",
        "calle": "Calle A",
        "numero": 200,
        "superficie_m2": 12268,
        "zonificacion": "R3 - Residencial Baja Densidad",
        "fos_max": 0.4,
        "fot_max": 0.8,
        "estado_edificacion": "Edificado",
        "servicios": "Agua potable, Cloacas, Red de Gas, Electricidad",
        "titularidad": "Privada Registrada",
        "fuente": "Dirección de Catastro Municipal - Luján de Cuyo",
        "val_fiscal": 1042780000
      }
    },
    {
      "type": "Feature",
      "id": "parcela.39",
      "geometry": {
        "type": "Polygon",
        "coordinates": [
          [
            [
              -68.8785,
              -33.0039
            ],
            [
              -68.8774,
              -33.0039
            ],
            [
              -68.8774,
              -33.003
            ],
            [
              -68.8785,
              -33.003
            ],
            [
              -68.8785,
              -33.0039
            ]
          ]
        ]
      },
      "properties": {
        "fid": 39,
        "padron": 28039,
        "nomenclatura": "06-01-01-01-03",
        "distrito": "CHACRAS DE CORIA",
        "barrio_paraje": "Chacras Centro - Viamonte",
        "calle": "Calle A",
        "numero": 250,
        "superficie_m2": 12268,
        "zonificacion": "R3 - Residencial Baja Densidad",
        "fos_max": 0.4,
        "fot_max": 0.8,
        "estado_edificacion": "Edificado",
        "servicios": "Agua potable, Cloacas, Red de Gas, Electricidad",
        "titularidad": "Privada Registrada",
        "fuente": "Dirección de Catastro Municipal - Luján de Cuyo",
        "val_fiscal": 1042780000
      }
    },
    {
      "type": "Feature",
      "id": "parcela.40",
      "geometry": {
        "type": "Polygon",
        "coordinates": [
          [
            [
              -68.8772,
              -33.0039
            ],
            [
              -68.8761,
              -33.0039
            ],
            [
              -68.8761,
              -33.003
            ],
            [
              -68.8772,
              -33.003
            ],
            [
              -68.8772,
              -33.0039
            ]
          ]
        ]
      },
      "properties": {
        "fid": 40,
        "padron": 28040,
        "nomenclatura": "06-01-01-01-04",
        "distrito": "CHACRAS DE CORIA",
        "barrio_paraje": "Chacras Centro - Viamonte",
        "calle": "Calle A",
        "numero": 300,
        "superficie_m2": 12268,
        "zonificacion": "R3 - Residencial Baja Densidad",
        "fos_max": 0.4,
        "fot_max": 0.8,
        "estado_edificacion": "Baldío",
        "servicios": "Agua potable, Cloacas, Red de Gas, Electricidad",
        "titularidad": "Privada Registrada",
        "fuente": "Dirección de Catastro Municipal - Luján de Cuyo",
        "val_fiscal": 1042780000
      }
    },
    {
      "type": "Feature",
      "id": "parcela.41",
      "geometry": {
        "type": "Polygon",
        "coordinates": [
          [
            [
              -68.875,
              -33.005
            ],
            [
              -68.8739,
              -33.005
            ],
            [
              -68.8739,
              -33.0041
            ],
            [
              -68.875,
              -33.0041
            ],
            [
              -68.875,
              -33.005
            ]
          ]
        ]
      },
      "properties": {
        "fid": 41,
        "padron": 28041,
        "nomenclatura": "06-01-01-02-01",
        "distrito": "CHACRAS DE CORIA",
        "barrio_paraje": "Chacras Centro - Viamonte",
        "calle": "Calle B",
        "numero": 150,
        "superficie_m2": 12268,
        "zonificacion": "R3 - Residencial Baja Densidad",
        "fos_max": 0.4,
        "fot_max": 0.8,
        "estado_edificacion": "Edificado",
        "servicios": "Agua potable, Cloacas, Red de Gas, Electricidad",
        "titularidad": "Privada Registrada",
        "fuente": "Dirección de Catastro Municipal - Luján de Cuyo",
        "val_fiscal": 1042780000
      }
    },
    {
      "type": "Feature",
      "id": "parcela.42",
      "geometry": {
        "type": "Polygon",
        "coordinates": [
          [
            [
              -68.8737,
              -33.005
            ],
            [
              -68.8726,
              -33.005
            ],
            [
              -68.8726,
              -33.0041
            ],
            [
              -68.8737,
              -33.0041
            ],
            [
              -68.8737,
              -33.005
            ]
          ]
        ]
      },
      "properties": {
        "fid": 42,
        "padron": 28042,
        "nomenclatura": "06-01-01-02-02",
        "distrito": "CHACRAS DE CORIA",
        "barrio_paraje": "Chacras Centro - Viamonte",
        "calle": "Calle B",
        "numero": 200,
        "superficie_m2": 12268,
        "zonificacion": "R3 - Residencial Baja Densidad",
        "fos_max": 0.4,
        "fot_max": 0.8,
        "estado_edificacion": "Edificado",
        "servicios": "Agua potable, Cloacas, Red de Gas, Electricidad",
        "titularidad": "Privada Registrada",
        "fuente": "Dirección de Catastro Municipal - Luján de Cuyo",
        "val_fiscal": 1042780000
      }
    },
    {
      "type": "Feature",
      "id": "parcela.43",
      "geometry": {
        "type": "Polygon",
        "coordinates": [
          [
            [
              -68.875,
              -33.0039
            ],
            [
              -68.8739,
              -33.0039
            ],
            [
              -68.8739,
              -33.003
            ],
            [
              -68.875,
              -33.003
            ],
            [
              -68.875,
              -33.0039
            ]
          ]
        ]
      },
      "properties": {
        "fid": 43,
        "padron": 28043,
        "nomenclatura": "06-01-01-02-03",
        "distrito": "CHACRAS DE CORIA",
        "barrio_paraje": "Chacras Centro - Viamonte",
        "calle": "Calle B",
        "numero": 250,
        "superficie_m2": 12268,
        "zonificacion": "R3 - Residencial Baja Densidad",
        "fos_max": 0.4,
        "fot_max": 0.8,
        "estado_edificacion": "Edificado",
        "servicios": "Agua potable, Cloacas, Red de Gas, Electricidad",
        "titularidad": "Privada Registrada",
        "fuente": "Dirección de Catastro Municipal - Luján de Cuyo",
        "val_fiscal": 1042780000
      }
    },
    {
      "type": "Feature",
      "id": "parcela.44",
      "geometry": {
        "type": "Polygon",
        "coordinates": [
          [
            [
              -68.8737,
              -33.0039
            ],
            [
              -68.8726,
              -33.0039
            ],
            [
              -68.8726,
              -33.003
            ],
            [
              -68.8737,
              -33.003
            ],
            [
              -68.8737,
              -33.0039
            ]
          ]
        ]
      },
      "properties": {
        "fid": 44,
        "padron": 28044,
        "nomenclatura": "06-01-01-02-04",
        "distrito": "CHACRAS DE CORIA",
        "barrio_paraje": "Chacras Centro - Viamonte",
        "calle": "Calle B",
        "numero": 300,
        "superficie_m2": 12268,
        "zonificacion": "R3 - Residencial Baja Densidad",
        "fos_max": 0.4,
        "fot_max": 0.8,
        "estado_edificacion": "Baldío",
        "servicios": "Agua potable, Cloacas, Red de Gas, Electricidad",
        "titularidad": "Privada Registrada",
        "fuente": "Dirección de Catastro Municipal - Luján de Cuyo",
        "val_fiscal": 1042780000
      }
    },
    {
      "type": "Feature",
      "id": "parcela.45",
      "geometry": {
        "type": "Polygon",
        "coordinates": [
          [
            [
              -68.8715,
              -33.005
            ],
            [
              -68.8704,
              -33.005
            ],
            [
              -68.8704,
              -33.0041
            ],
            [
              -68.8715,
              -33.0041
            ],
            [
              -68.8715,
              -33.005
            ]
          ]
        ]
      },
      "properties": {
        "fid": 45,
        "padron": 28045,
        "nomenclatura": "06-01-01-03-01",
        "distrito": "CHACRAS DE CORIA",
        "barrio_paraje": "Chacras Centro - Viamonte",
        "calle": "Calle C",
        "numero": 150,
        "superficie_m2": 12268,
        "zonificacion": "R3 - Residencial Baja Densidad",
        "fos_max": 0.4,
        "fot_max": 0.8,
        "estado_edificacion": "Edificado",
        "servicios": "Agua potable, Cloacas, Red de Gas, Electricidad",
        "titularidad": "Privada Registrada",
        "fuente": "Dirección de Catastro Municipal - Luján de Cuyo",
        "val_fiscal": 1042780000
      }
    },
    {
      "type": "Feature",
      "id": "parcela.46",
      "geometry": {
        "type": "Polygon",
        "coordinates": [
          [
            [
              -68.8702,
              -33.005
            ],
            [
              -68.8691,
              -33.005
            ],
            [
              -68.8691,
              -33.0041
            ],
            [
              -68.8702,
              -33.0041
            ],
            [
              -68.8702,
              -33.005
            ]
          ]
        ]
      },
      "properties": {
        "fid": 46,
        "padron": 28046,
        "nomenclatura": "06-01-01-03-02",
        "distrito": "CHACRAS DE CORIA",
        "barrio_paraje": "Chacras Centro - Viamonte",
        "calle": "Calle C",
        "numero": 200,
        "superficie_m2": 12268,
        "zonificacion": "R3 - Residencial Baja Densidad",
        "fos_max": 0.4,
        "fot_max": 0.8,
        "estado_edificacion": "Edificado",
        "servicios": "Agua potable, Cloacas, Red de Gas, Electricidad",
        "titularidad": "Privada Registrada",
        "fuente": "Dirección de Catastro Municipal - Luján de Cuyo",
        "val_fiscal": 1042780000
      }
    },
    {
      "type": "Feature",
      "id": "parcela.47",
      "geometry": {
        "type": "Polygon",
        "coordinates": [
          [
            [
              -68.8715,
              -33.0039
            ],
            [
              -68.8704,
              -33.0039
            ],
            [
              -68.8704,
              -33.003
            ],
            [
              -68.8715,
              -33.003
            ],
            [
              -68.8715,
              -33.0039
            ]
          ]
        ]
      },
      "properties": {
        "fid": 47,
        "padron": 28047,
        "nomenclatura": "06-01-01-03-03",
        "distrito": "CHACRAS DE CORIA",
        "barrio_paraje": "Chacras Centro - Viamonte",
        "calle": "Calle C",
        "numero": 250,
        "superficie_m2": 12268,
        "zonificacion": "R3 - Residencial Baja Densidad",
        "fos_max": 0.4,
        "fot_max": 0.8,
        "estado_edificacion": "Edificado",
        "servicios": "Agua potable, Cloacas, Red de Gas, Electricidad",
        "titularidad": "Privada Registrada",
        "fuente": "Dirección de Catastro Municipal - Luján de Cuyo",
        "val_fiscal": 1042780000
      }
    },
    {
      "type": "Feature",
      "id": "parcela.48",
      "geometry": {
        "type": "Polygon",
        "coordinates": [
          [
            [
              -68.8702,
              -33.0039
            ],
            [
              -68.8691,
              -33.0039
            ],
            [
              -68.8691,
              -33.003
            ],
            [
              -68.8702,
              -33.003
            ],
            [
              -68.8702,
              -33.0039
            ]
          ]
        ]
      },
      "properties": {
        "fid": 48,
        "padron": 28048,
        "nomenclatura": "06-01-01-03-04",
        "distrito": "CHACRAS DE CORIA",
        "barrio_paraje": "Chacras Centro - Viamonte",
        "calle": "Calle C",
        "numero": 300,
        "superficie_m2": 12268,
        "zonificacion": "R3 - Residencial Baja Densidad",
        "fos_max": 0.4,
        "fot_max": 0.8,
        "estado_edificacion": "Baldío",
        "servicios": "Agua potable, Cloacas, Red de Gas, Electricidad",
        "titularidad": "Privada Registrada",
        "fuente": "Dirección de Catastro Municipal - Luján de Cuyo",
        "val_fiscal": 1042780000
      }
    },
    {
      "type": "Feature",
      "id": "parcela.49",
      "geometry": {
        "type": "Polygon",
        "coordinates": [
          [
            [
              -68.8785,
              -33.002
            ],
            [
              -68.8774,
              -33.002
            ],
            [
              -68.8774,
              -33.0011
            ],
            [
              -68.8785,
              -33.0011
            ],
            [
              -68.8785,
              -33.002
            ]
          ]
        ]
      },
      "properties": {
        "fid": 49,
        "padron": 28049,
        "nomenclatura": "06-01-02-01-01",
        "distrito": "CHACRAS DE CORIA",
        "barrio_paraje": "Chacras Centro - Viamonte",
        "calle": "Calle A",
        "numero": 250,
        "superficie_m2": 12268,
        "zonificacion": "R3 - Residencial Baja Densidad",
        "fos_max": 0.4,
        "fot_max": 0.8,
        "estado_edificacion": "Edificado",
        "servicios": "Agua potable, Cloacas, Red de Gas, Electricidad",
        "titularidad": "Privada Registrada",
        "fuente": "Dirección de Catastro Municipal - Luján de Cuyo",
        "val_fiscal": 1042780000
      }
    },
    {
      "type": "Feature",
      "id": "parcela.50",
      "geometry": {
        "type": "Polygon",
        "coordinates": [
          [
            [
              -68.8772,
              -33.002
            ],
            [
              -68.8761,
              -33.002
            ],
            [
              -68.8761,
              -33.0011
            ],
            [
              -68.8772,
              -33.0011
            ],
            [
              -68.8772,
              -33.002
            ]
          ]
        ]
      },
      "properties": {
        "fid": 50,
        "padron": 28050,
        "nomenclatura": "06-01-02-01-02",
        "distrito": "CHACRAS DE CORIA",
        "barrio_paraje": "Chacras Centro - Viamonte",
        "calle": "Calle A",
        "numero": 300,
        "superficie_m2": 12268,
        "zonificacion": "R3 - Residencial Baja Densidad",
        "fos_max": 0.4,
        "fot_max": 0.8,
        "estado_edificacion": "Edificado",
        "servicios": "Agua potable, Cloacas, Red de Gas, Electricidad",
        "titularidad": "Privada Registrada",
        "fuente": "Dirección de Catastro Municipal - Luján de Cuyo",
        "val_fiscal": 1042780000
      }
    },
    {
      "type": "Feature",
      "id": "parcela.51",
      "geometry": {
        "type": "Polygon",
        "coordinates": [
          [
            [
              -68.8785,
              -33.0009
            ],
            [
              -68.8774,
              -33.0009
            ],
            [
              -68.8774,
              -33.0
            ],
            [
              -68.8785,
              -33.0
            ],
            [
              -68.8785,
              -33.0009
            ]
          ]
        ]
      },
      "properties": {
        "fid": 51,
        "padron": 28051,
        "nomenclatura": "06-01-02-01-03",
        "distrito": "CHACRAS DE CORIA",
        "barrio_paraje": "Chacras Centro - Viamonte",
        "calle": "Calle A",
        "numero": 350,
        "superficie_m2": 12268,
        "zonificacion": "R3 - Residencial Baja Densidad",
        "fos_max": 0.4,
        "fot_max": 0.8,
        "estado_edificacion": "Edificado",
        "servicios": "Agua potable, Cloacas, Red de Gas, Electricidad",
        "titularidad": "Privada Registrada",
        "fuente": "Dirección de Catastro Municipal - Luján de Cuyo",
        "val_fiscal": 1042780000
      }
    },
    {
      "type": "Feature",
      "id": "parcela.52",
      "geometry": {
        "type": "Polygon",
        "coordinates": [
          [
            [
              -68.8772,
              -33.0009
            ],
            [
              -68.8761,
              -33.0009
            ],
            [
              -68.8761,
              -33.0
            ],
            [
              -68.8772,
              -33.0
            ],
            [
              -68.8772,
              -33.0009
            ]
          ]
        ]
      },
      "properties": {
        "fid": 52,
        "padron": 28052,
        "nomenclatura": "06-01-02-01-04",
        "distrito": "CHACRAS DE CORIA",
        "barrio_paraje": "Chacras Centro - Viamonte",
        "calle": "Calle A",
        "numero": 400,
        "superficie_m2": 12268,
        "zonificacion": "R3 - Residencial Baja Densidad",
        "fos_max": 0.4,
        "fot_max": 0.8,
        "estado_edificacion": "Baldío",
        "servicios": "Agua potable, Cloacas, Red de Gas, Electricidad",
        "titularidad": "Privada Registrada",
        "fuente": "Dirección de Catastro Municipal - Luján de Cuyo",
        "val_fiscal": 1042780000
      }
    },
    {
      "type": "Feature",
      "id": "parcela.53",
      "geometry": {
        "type": "Polygon",
        "coordinates": [
          [
            [
              -68.875,
              -33.002
            ],
            [
              -68.8739,
              -33.002
            ],
            [
              -68.8739,
              -33.0011
            ],
            [
              -68.875,
              -33.0011
            ],
            [
              -68.875,
              -33.002
            ]
          ]
        ]
      },
      "properties": {
        "fid": 53,
        "padron": 28053,
        "nomenclatura": "06-01-02-02-01",
        "distrito": "CHACRAS DE CORIA",
        "barrio_paraje": "Chacras Centro - Viamonte",
        "calle": "Calle B",
        "numero": 250,
        "superficie_m2": 12268,
        "zonificacion": "R3 - Residencial Baja Densidad",
        "fos_max": 0.4,
        "fot_max": 0.8,
        "estado_edificacion": "Edificado",
        "servicios": "Agua potable, Cloacas, Red de Gas, Electricidad",
        "titularidad": "Privada Registrada",
        "fuente": "Dirección de Catastro Municipal - Luján de Cuyo",
        "val_fiscal": 1042780000
      }
    },
    {
      "type": "Feature",
      "id": "parcela.54",
      "geometry": {
        "type": "Polygon",
        "coordinates": [
          [
            [
              -68.8737,
              -33.002
            ],
            [
              -68.8726,
              -33.002
            ],
            [
              -68.8726,
              -33.0011
            ],
            [
              -68.8737,
              -33.0011
            ],
            [
              -68.8737,
              -33.002
            ]
          ]
        ]
      },
      "properties": {
        "fid": 54,
        "padron": 28054,
        "nomenclatura": "06-01-02-02-02",
        "distrito": "CHACRAS DE CORIA",
        "barrio_paraje": "Chacras Centro - Viamonte",
        "calle": "Calle B",
        "numero": 300,
        "superficie_m2": 12268,
        "zonificacion": "R3 - Residencial Baja Densidad",
        "fos_max": 0.4,
        "fot_max": 0.8,
        "estado_edificacion": "Edificado",
        "servicios": "Agua potable, Cloacas, Red de Gas, Electricidad",
        "titularidad": "Privada Registrada",
        "fuente": "Dirección de Catastro Municipal - Luján de Cuyo",
        "val_fiscal": 1042780000
      }
    },
    {
      "type": "Feature",
      "id": "parcela.55",
      "geometry": {
        "type": "Polygon",
        "coordinates": [
          [
            [
              -68.875,
              -33.0009
            ],
            [
              -68.8739,
              -33.0009
            ],
            [
              -68.8739,
              -33.0
            ],
            [
              -68.875,
              -33.0
            ],
            [
              -68.875,
              -33.0009
            ]
          ]
        ]
      },
      "properties": {
        "fid": 55,
        "padron": 28055,
        "nomenclatura": "06-01-02-02-03",
        "distrito": "CHACRAS DE CORIA",
        "barrio_paraje": "Chacras Centro - Viamonte",
        "calle": "Calle B",
        "numero": 350,
        "superficie_m2": 12268,
        "zonificacion": "R3 - Residencial Baja Densidad",
        "fos_max": 0.4,
        "fot_max": 0.8,
        "estado_edificacion": "Edificado",
        "servicios": "Agua potable, Cloacas, Red de Gas, Electricidad",
        "titularidad": "Privada Registrada",
        "fuente": "Dirección de Catastro Municipal - Luján de Cuyo",
        "val_fiscal": 1042780000
      }
    },
    {
      "type": "Feature",
      "id": "parcela.56",
      "geometry": {
        "type": "Polygon",
        "coordinates": [
          [
            [
              -68.8737,
              -33.0009
            ],
            [
              -68.8726,
              -33.0009
            ],
            [
              -68.8726,
              -33.0
            ],
            [
              -68.8737,
              -33.0
            ],
            [
              -68.8737,
              -33.0009
            ]
          ]
        ]
      },
      "properties": {
        "fid": 56,
        "padron": 28056,
        "nomenclatura": "06-01-02-02-04",
        "distrito": "CHACRAS DE CORIA",
        "barrio_paraje": "Chacras Centro - Viamonte",
        "calle": "Calle B",
        "numero": 400,
        "superficie_m2": 12268,
        "zonificacion": "R3 - Residencial Baja Densidad",
        "fos_max": 0.4,
        "fot_max": 0.8,
        "estado_edificacion": "Baldío",
        "servicios": "Agua potable, Cloacas, Red de Gas, Electricidad",
        "titularidad": "Privada Registrada",
        "fuente": "Dirección de Catastro Municipal - Luján de Cuyo",
        "val_fiscal": 1042780000
      }
    },
    {
      "type": "Feature",
      "id": "parcela.57",
      "geometry": {
        "type": "Polygon",
        "coordinates": [
          [
            [
              -68.8715,
              -33.002
            ],
            [
              -68.8704,
              -33.002
            ],
            [
              -68.8704,
              -33.0011
            ],
            [
              -68.8715,
              -33.0011
            ],
            [
              -68.8715,
              -33.002
            ]
          ]
        ]
      },
      "properties": {
        "fid": 57,
        "padron": 28057,
        "nomenclatura": "06-01-02-03-01",
        "distrito": "CHACRAS DE CORIA",
        "barrio_paraje": "Chacras Centro - Viamonte",
        "calle": "Calle C",
        "numero": 250,
        "superficie_m2": 12268,
        "zonificacion": "R3 - Residencial Baja Densidad",
        "fos_max": 0.4,
        "fot_max": 0.8,
        "estado_edificacion": "Edificado",
        "servicios": "Agua potable, Cloacas, Red de Gas, Electricidad",
        "titularidad": "Privada Registrada",
        "fuente": "Dirección de Catastro Municipal - Luján de Cuyo",
        "val_fiscal": 1042780000
      }
    },
    {
      "type": "Feature",
      "id": "parcela.58",
      "geometry": {
        "type": "Polygon",
        "coordinates": [
          [
            [
              -68.8702,
              -33.002
            ],
            [
              -68.8691,
              -33.002
            ],
            [
              -68.8691,
              -33.0011
            ],
            [
              -68.8702,
              -33.0011
            ],
            [
              -68.8702,
              -33.002
            ]
          ]
        ]
      },
      "properties": {
        "fid": 58,
        "padron": 28058,
        "nomenclatura": "06-01-02-03-02",
        "distrito": "CHACRAS DE CORIA",
        "barrio_paraje": "Chacras Centro - Viamonte",
        "calle": "Calle C",
        "numero": 300,
        "superficie_m2": 12268,
        "zonificacion": "R3 - Residencial Baja Densidad",
        "fos_max": 0.4,
        "fot_max": 0.8,
        "estado_edificacion": "Edificado",
        "servicios": "Agua potable, Cloacas, Red de Gas, Electricidad",
        "titularidad": "Privada Registrada",
        "fuente": "Dirección de Catastro Municipal - Luján de Cuyo",
        "val_fiscal": 1042780000
      }
    },
    {
      "type": "Feature",
      "id": "parcela.59",
      "geometry": {
        "type": "Polygon",
        "coordinates": [
          [
            [
              -68.8715,
              -33.0009
            ],
            [
              -68.8704,
              -33.0009
            ],
            [
              -68.8704,
              -33.0
            ],
            [
              -68.8715,
              -33.0
            ],
            [
              -68.8715,
              -33.0009
            ]
          ]
        ]
      },
      "properties": {
        "fid": 59,
        "padron": 28059,
        "nomenclatura": "06-01-02-03-03",
        "distrito": "CHACRAS DE CORIA",
        "barrio_paraje": "Chacras Centro - Viamonte",
        "calle": "Calle C",
        "numero": 350,
        "superficie_m2": 12268,
        "zonificacion": "R3 - Residencial Baja Densidad",
        "fos_max": 0.4,
        "fot_max": 0.8,
        "estado_edificacion": "Edificado",
        "servicios": "Agua potable, Cloacas, Red de Gas, Electricidad",
        "titularidad": "Privada Registrada",
        "fuente": "Dirección de Catastro Municipal - Luján de Cuyo",
        "val_fiscal": 1042780000
      }
    },
    {
      "type": "Feature",
      "id": "parcela.60",
      "geometry": {
        "type": "Polygon",
        "coordinates": [
          [
            [
              -68.8702,
              -33.0009
            ],
            [
              -68.8691,
              -33.0009
            ],
            [
              -68.8691,
              -33.0
            ],
            [
              -68.8702,
              -33.0
            ],
            [
              -68.8702,
              -33.0009
            ]
          ]
        ]
      },
      "properties": {
        "fid": 60,
        "padron": 28060,
        "nomenclatura": "06-01-02-03-04",
        "distrito": "CHACRAS DE CORIA",
        "barrio_paraje": "Chacras Centro - Viamonte",
        "calle": "Calle C",
        "numero": 400,
        "superficie_m2": 12268,
        "zonificacion": "R3 - Residencial Baja Densidad",
        "fos_max": 0.4,
        "fot_max": 0.8,
        "estado_edificacion": "Baldío",
        "servicios": "Agua potable, Cloacas, Red de Gas, Electricidad",
        "titularidad": "Privada Registrada",
        "fuente": "Dirección de Catastro Municipal - Luján de Cuyo",
        "val_fiscal": 1042780000
      }
    },
    {
      "type": "Feature",
      "id": "parcela.61",
      "geometry": {
        "type": "Polygon",
        "coordinates": [
          [
            [
              -68.8785,
              -32.999
            ],
            [
              -68.8774,
              -32.999
            ],
            [
              -68.8774,
              -32.9981
            ],
            [
              -68.8785,
              -32.9981
            ],
            [
              -68.8785,
              -32.999
            ]
          ]
        ]
      },
      "properties": {
        "fid": 61,
        "padron": 28061,
        "nomenclatura": "06-01-03-01-01",
        "distrito": "CHACRAS DE CORIA",
        "barrio_paraje": "Chacras Centro - Viamonte",
        "calle": "Calle A",
        "numero": 350,
        "superficie_m2": 12268,
        "zonificacion": "R3 - Residencial Baja Densidad",
        "fos_max": 0.4,
        "fot_max": 0.8,
        "estado_edificacion": "Edificado",
        "servicios": "Agua potable, Cloacas, Red de Gas, Electricidad",
        "titularidad": "Privada Registrada",
        "fuente": "Dirección de Catastro Municipal - Luján de Cuyo",
        "val_fiscal": 1042780000
      }
    },
    {
      "type": "Feature",
      "id": "parcela.62",
      "geometry": {
        "type": "Polygon",
        "coordinates": [
          [
            [
              -68.8772,
              -32.999
            ],
            [
              -68.8761,
              -32.999
            ],
            [
              -68.8761,
              -32.9981
            ],
            [
              -68.8772,
              -32.9981
            ],
            [
              -68.8772,
              -32.999
            ]
          ]
        ]
      },
      "properties": {
        "fid": 62,
        "padron": 28062,
        "nomenclatura": "06-01-03-01-02",
        "distrito": "CHACRAS DE CORIA",
        "barrio_paraje": "Chacras Centro - Viamonte",
        "calle": "Calle A",
        "numero": 400,
        "superficie_m2": 12268,
        "zonificacion": "R3 - Residencial Baja Densidad",
        "fos_max": 0.4,
        "fot_max": 0.8,
        "estado_edificacion": "Edificado",
        "servicios": "Agua potable, Cloacas, Red de Gas, Electricidad",
        "titularidad": "Privada Registrada",
        "fuente": "Dirección de Catastro Municipal - Luján de Cuyo",
        "val_fiscal": 1042780000
      }
    },
    {
      "type": "Feature",
      "id": "parcela.63",
      "geometry": {
        "type": "Polygon",
        "coordinates": [
          [
            [
              -68.8785,
              -32.9979
            ],
            [
              -68.8774,
              -32.9979
            ],
            [
              -68.8774,
              -32.997
            ],
            [
              -68.8785,
              -32.997
            ],
            [
              -68.8785,
              -32.9979
            ]
          ]
        ]
      },
      "properties": {
        "fid": 63,
        "padron": 28063,
        "nomenclatura": "06-01-03-01-03",
        "distrito": "CHACRAS DE CORIA",
        "barrio_paraje": "Chacras Centro - Viamonte",
        "calle": "Calle A",
        "numero": 450,
        "superficie_m2": 12268,
        "zonificacion": "R3 - Residencial Baja Densidad",
        "fos_max": 0.4,
        "fot_max": 0.8,
        "estado_edificacion": "Edificado",
        "servicios": "Agua potable, Cloacas, Red de Gas, Electricidad",
        "titularidad": "Privada Registrada",
        "fuente": "Dirección de Catastro Municipal - Luján de Cuyo",
        "val_fiscal": 1042780000
      }
    },
    {
      "type": "Feature",
      "id": "parcela.64",
      "geometry": {
        "type": "Polygon",
        "coordinates": [
          [
            [
              -68.8772,
              -32.9979
            ],
            [
              -68.8761,
              -32.9979
            ],
            [
              -68.8761,
              -32.997
            ],
            [
              -68.8772,
              -32.997
            ],
            [
              -68.8772,
              -32.9979
            ]
          ]
        ]
      },
      "properties": {
        "fid": 64,
        "padron": 28064,
        "nomenclatura": "06-01-03-01-04",
        "distrito": "CHACRAS DE CORIA",
        "barrio_paraje": "Chacras Centro - Viamonte",
        "calle": "Calle A",
        "numero": 500,
        "superficie_m2": 12268,
        "zonificacion": "R3 - Residencial Baja Densidad",
        "fos_max": 0.4,
        "fot_max": 0.8,
        "estado_edificacion": "Baldío",
        "servicios": "Agua potable, Cloacas, Red de Gas, Electricidad",
        "titularidad": "Privada Registrada",
        "fuente": "Dirección de Catastro Municipal - Luján de Cuyo",
        "val_fiscal": 1042780000
      }
    },
    {
      "type": "Feature",
      "id": "parcela.65",
      "geometry": {
        "type": "Polygon",
        "coordinates": [
          [
            [
              -68.875,
              -32.999
            ],
            [
              -68.8739,
              -32.999
            ],
            [
              -68.8739,
              -32.9981
            ],
            [
              -68.875,
              -32.9981
            ],
            [
              -68.875,
              -32.999
            ]
          ]
        ]
      },
      "properties": {
        "fid": 65,
        "padron": 28065,
        "nomenclatura": "06-01-03-02-01",
        "distrito": "CHACRAS DE CORIA",
        "barrio_paraje": "Chacras Centro - Viamonte",
        "calle": "Calle B",
        "numero": 350,
        "superficie_m2": 12268,
        "zonificacion": "R3 - Residencial Baja Densidad",
        "fos_max": 0.4,
        "fot_max": 0.8,
        "estado_edificacion": "Edificado",
        "servicios": "Agua potable, Cloacas, Red de Gas, Electricidad",
        "titularidad": "Privada Registrada",
        "fuente": "Dirección de Catastro Municipal - Luján de Cuyo",
        "val_fiscal": 1042780000
      }
    },
    {
      "type": "Feature",
      "id": "parcela.66",
      "geometry": {
        "type": "Polygon",
        "coordinates": [
          [
            [
              -68.8737,
              -32.999
            ],
            [
              -68.8726,
              -32.999
            ],
            [
              -68.8726,
              -32.9981
            ],
            [
              -68.8737,
              -32.9981
            ],
            [
              -68.8737,
              -32.999
            ]
          ]
        ]
      },
      "properties": {
        "fid": 66,
        "padron": 28066,
        "nomenclatura": "06-01-03-02-02",
        "distrito": "CHACRAS DE CORIA",
        "barrio_paraje": "Chacras Centro - Viamonte",
        "calle": "Calle B",
        "numero": 400,
        "superficie_m2": 12268,
        "zonificacion": "R3 - Residencial Baja Densidad",
        "fos_max": 0.4,
        "fot_max": 0.8,
        "estado_edificacion": "Edificado",
        "servicios": "Agua potable, Cloacas, Red de Gas, Electricidad",
        "titularidad": "Privada Registrada",
        "fuente": "Dirección de Catastro Municipal - Luján de Cuyo",
        "val_fiscal": 1042780000
      }
    },
    {
      "type": "Feature",
      "id": "parcela.67",
      "geometry": {
        "type": "Polygon",
        "coordinates": [
          [
            [
              -68.875,
              -32.9979
            ],
            [
              -68.8739,
              -32.9979
            ],
            [
              -68.8739,
              -32.997
            ],
            [
              -68.875,
              -32.997
            ],
            [
              -68.875,
              -32.9979
            ]
          ]
        ]
      },
      "properties": {
        "fid": 67,
        "padron": 28067,
        "nomenclatura": "06-01-03-02-03",
        "distrito": "CHACRAS DE CORIA",
        "barrio_paraje": "Chacras Centro - Viamonte",
        "calle": "Calle B",
        "numero": 450,
        "superficie_m2": 12268,
        "zonificacion": "R3 - Residencial Baja Densidad",
        "fos_max": 0.4,
        "fot_max": 0.8,
        "estado_edificacion": "Edificado",
        "servicios": "Agua potable, Cloacas, Red de Gas, Electricidad",
        "titularidad": "Privada Registrada",
        "fuente": "Dirección de Catastro Municipal - Luján de Cuyo",
        "val_fiscal": 1042780000
      }
    },
    {
      "type": "Feature",
      "id": "parcela.68",
      "geometry": {
        "type": "Polygon",
        "coordinates": [
          [
            [
              -68.8737,
              -32.9979
            ],
            [
              -68.8726,
              -32.9979
            ],
            [
              -68.8726,
              -32.997
            ],
            [
              -68.8737,
              -32.997
            ],
            [
              -68.8737,
              -32.9979
            ]
          ]
        ]
      },
      "properties": {
        "fid": 68,
        "padron": 28068,
        "nomenclatura": "06-01-03-02-04",
        "distrito": "CHACRAS DE CORIA",
        "barrio_paraje": "Chacras Centro - Viamonte",
        "calle": "Calle B",
        "numero": 500,
        "superficie_m2": 12268,
        "zonificacion": "R3 - Residencial Baja Densidad",
        "fos_max": 0.4,
        "fot_max": 0.8,
        "estado_edificacion": "Baldío",
        "servicios": "Agua potable, Cloacas, Red de Gas, Electricidad",
        "titularidad": "Privada Registrada",
        "fuente": "Dirección de Catastro Municipal - Luján de Cuyo",
        "val_fiscal": 1042780000
      }
    },
    {
      "type": "Feature",
      "id": "parcela.69",
      "geometry": {
        "type": "Polygon",
        "coordinates": [
          [
            [
              -68.8715,
              -32.999
            ],
            [
              -68.8704,
              -32.999
            ],
            [
              -68.8704,
              -32.9981
            ],
            [
              -68.8715,
              -32.9981
            ],
            [
              -68.8715,
              -32.999
            ]
          ]
        ]
      },
      "properties": {
        "fid": 69,
        "padron": 28069,
        "nomenclatura": "06-01-03-03-01",
        "distrito": "CHACRAS DE CORIA",
        "barrio_paraje": "Chacras Centro - Viamonte",
        "calle": "Calle C",
        "numero": 350,
        "superficie_m2": 12268,
        "zonificacion": "R3 - Residencial Baja Densidad",
        "fos_max": 0.4,
        "fot_max": 0.8,
        "estado_edificacion": "Edificado",
        "servicios": "Agua potable, Cloacas, Red de Gas, Electricidad",
        "titularidad": "Privada Registrada",
        "fuente": "Dirección de Catastro Municipal - Luján de Cuyo",
        "val_fiscal": 1042780000
      }
    },
    {
      "type": "Feature",
      "id": "parcela.70",
      "geometry": {
        "type": "Polygon",
        "coordinates": [
          [
            [
              -68.8702,
              -32.999
            ],
            [
              -68.8691,
              -32.999
            ],
            [
              -68.8691,
              -32.9981
            ],
            [
              -68.8702,
              -32.9981
            ],
            [
              -68.8702,
              -32.999
            ]
          ]
        ]
      },
      "properties": {
        "fid": 70,
        "padron": 28070,
        "nomenclatura": "06-01-03-03-02",
        "distrito": "CHACRAS DE CORIA",
        "barrio_paraje": "Chacras Centro - Viamonte",
        "calle": "Calle C",
        "numero": 400,
        "superficie_m2": 12268,
        "zonificacion": "R3 - Residencial Baja Densidad",
        "fos_max": 0.4,
        "fot_max": 0.8,
        "estado_edificacion": "Edificado",
        "servicios": "Agua potable, Cloacas, Red de Gas, Electricidad",
        "titularidad": "Privada Registrada",
        "fuente": "Dirección de Catastro Municipal - Luján de Cuyo",
        "val_fiscal": 1042780000
      }
    },
    {
      "type": "Feature",
      "id": "parcela.71",
      "geometry": {
        "type": "Polygon",
        "coordinates": [
          [
            [
              -68.8715,
              -32.9979
            ],
            [
              -68.8704,
              -32.9979
            ],
            [
              -68.8704,
              -32.997
            ],
            [
              -68.8715,
              -32.997
            ],
            [
              -68.8715,
              -32.9979
            ]
          ]
        ]
      },
      "properties": {
        "fid": 71,
        "padron": 28071,
        "nomenclatura": "06-01-03-03-03",
        "distrito": "CHACRAS DE CORIA",
        "barrio_paraje": "Chacras Centro - Viamonte",
        "calle": "Calle C",
        "numero": 450,
        "superficie_m2": 12268,
        "zonificacion": "R3 - Residencial Baja Densidad",
        "fos_max": 0.4,
        "fot_max": 0.8,
        "estado_edificacion": "Edificado",
        "servicios": "Agua potable, Cloacas, Red de Gas, Electricidad",
        "titularidad": "Privada Registrada",
        "fuente": "Dirección de Catastro Municipal - Luján de Cuyo",
        "val_fiscal": 1042780000
      }
    },
    {
      "type": "Feature",
      "id": "parcela.72",
      "geometry": {
        "type": "Polygon",
        "coordinates": [
          [
            [
              -68.8702,
              -32.9979
            ],
            [
              -68.8691,
              -32.9979
            ],
            [
              -68.8691,
              -32.997
            ],
            [
              -68.8702,
              -32.997
            ],
            [
              -68.8702,
              -32.9979
            ]
          ]
        ]
      },
      "properties": {
        "fid": 72,
        "padron": 28072,
        "nomenclatura": "06-01-03-03-04",
        "distrito": "CHACRAS DE CORIA",
        "barrio_paraje": "Chacras Centro - Viamonte",
        "calle": "Calle C",
        "numero": 500,
        "superficie_m2": 12268,
        "zonificacion": "R3 - Residencial Baja Densidad",
        "fos_max": 0.4,
        "fot_max": 0.8,
        "estado_edificacion": "Baldío",
        "servicios": "Agua potable, Cloacas, Red de Gas, Electricidad",
        "titularidad": "Privada Registrada",
        "fuente": "Dirección de Catastro Municipal - Luján de Cuyo",
        "val_fiscal": 1042780000
      }
    },
    {
      "type": "Feature",
      "id": "parcela.73",
      "geometry": {
        "type": "Polygon",
        "coordinates": [
          [
            [
              -68.8515,
              -32.971
            ],
            [
              -68.8504,
              -32.971
            ],
            [
              -68.8504,
              -32.9701
            ],
            [
              -68.8515,
              -32.9701
            ],
            [
              -68.8515,
              -32.971
            ]
          ]
        ]
      },
      "properties": {
        "fid": 73,
        "padron": 36073,
        "nomenclatura": "06-01-01-01-01",
        "distrito": "CARRODILLA",
        "barrio_paraje": "Carrodilla - San Martín Sur",
        "calle": "Calle A",
        "numero": 150,
        "superficie_m2": 12268,
        "zonificacion": "C1 - Corredor Comercial",
        "fos_max": 0.8,
        "fot_max": 2.5,
        "estado_edificacion": "Edificado",
        "servicios": "Agua potable, Cloacas, Red de Gas, Electricidad",
        "titularidad": "Privada Registrada",
        "fuente": "Dirección de Catastro Municipal - Luján de Cuyo",
        "val_fiscal": 1042780000
      }
    },
    {
      "type": "Feature",
      "id": "parcela.74",
      "geometry": {
        "type": "Polygon",
        "coordinates": [
          [
            [
              -68.8502,
              -32.971
            ],
            [
              -68.8491,
              -32.971
            ],
            [
              -68.8491,
              -32.9701
            ],
            [
              -68.8502,
              -32.9701
            ],
            [
              -68.8502,
              -32.971
            ]
          ]
        ]
      },
      "properties": {
        "fid": 74,
        "padron": 36074,
        "nomenclatura": "06-01-01-01-02",
        "distrito": "CARRODILLA",
        "barrio_paraje": "Carrodilla - San Martín Sur",
        "calle": "Calle A",
        "numero": 200,
        "superficie_m2": 12268,
        "zonificacion": "C1 - Corredor Comercial",
        "fos_max": 0.8,
        "fot_max": 2.5,
        "estado_edificacion": "Edificado",
        "servicios": "Agua potable, Cloacas, Red de Gas, Electricidad",
        "titularidad": "Privada Registrada",
        "fuente": "Dirección de Catastro Municipal - Luján de Cuyo",
        "val_fiscal": 1042780000
      }
    },
    {
      "type": "Feature",
      "id": "parcela.75",
      "geometry": {
        "type": "Polygon",
        "coordinates": [
          [
            [
              -68.8515,
              -32.9699
            ],
            [
              -68.8504,
              -32.9699
            ],
            [
              -68.8504,
              -32.969
            ],
            [
              -68.8515,
              -32.969
            ],
            [
              -68.8515,
              -32.9699
            ]
          ]
        ]
      },
      "properties": {
        "fid": 75,
        "padron": 36075,
        "nomenclatura": "06-01-01-01-03",
        "distrito": "CARRODILLA",
        "barrio_paraje": "Carrodilla - San Martín Sur",
        "calle": "Calle A",
        "numero": 250,
        "superficie_m2": 12268,
        "zonificacion": "C1 - Corredor Comercial",
        "fos_max": 0.8,
        "fot_max": 2.5,
        "estado_edificacion": "Edificado",
        "servicios": "Agua potable, Cloacas, Red de Gas, Electricidad",
        "titularidad": "Privada Registrada",
        "fuente": "Dirección de Catastro Municipal - Luján de Cuyo",
        "val_fiscal": 1042780000
      }
    },
    {
      "type": "Feature",
      "id": "parcela.76",
      "geometry": {
        "type": "Polygon",
        "coordinates": [
          [
            [
              -68.8502,
              -32.9699
            ],
            [
              -68.8491,
              -32.9699
            ],
            [
              -68.8491,
              -32.969
            ],
            [
              -68.8502,
              -32.969
            ],
            [
              -68.8502,
              -32.9699
            ]
          ]
        ]
      },
      "properties": {
        "fid": 76,
        "padron": 36076,
        "nomenclatura": "06-01-01-01-04",
        "distrito": "CARRODILLA",
        "barrio_paraje": "Carrodilla - San Martín Sur",
        "calle": "Calle A",
        "numero": 300,
        "superficie_m2": 12268,
        "zonificacion": "C1 - Corredor Comercial",
        "fos_max": 0.8,
        "fot_max": 2.5,
        "estado_edificacion": "Baldío",
        "servicios": "Agua potable, Cloacas, Red de Gas, Electricidad",
        "titularidad": "Privada Registrada",
        "fuente": "Dirección de Catastro Municipal - Luján de Cuyo",
        "val_fiscal": 1042780000
      }
    },
    {
      "type": "Feature",
      "id": "parcela.77",
      "geometry": {
        "type": "Polygon",
        "coordinates": [
          [
            [
              -68.848,
              -32.971
            ],
            [
              -68.8469,
              -32.971
            ],
            [
              -68.8469,
              -32.9701
            ],
            [
              -68.848,
              -32.9701
            ],
            [
              -68.848,
              -32.971
            ]
          ]
        ]
      },
      "properties": {
        "fid": 77,
        "padron": 36077,
        "nomenclatura": "06-01-01-02-01",
        "distrito": "CARRODILLA",
        "barrio_paraje": "Carrodilla - San Martín Sur",
        "calle": "Calle B",
        "numero": 150,
        "superficie_m2": 12268,
        "zonificacion": "C1 - Corredor Comercial",
        "fos_max": 0.8,
        "fot_max": 2.5,
        "estado_edificacion": "Edificado",
        "servicios": "Agua potable, Cloacas, Red de Gas, Electricidad",
        "titularidad": "Privada Registrada",
        "fuente": "Dirección de Catastro Municipal - Luján de Cuyo",
        "val_fiscal": 1042780000
      }
    },
    {
      "type": "Feature",
      "id": "parcela.78",
      "geometry": {
        "type": "Polygon",
        "coordinates": [
          [
            [
              -68.8467,
              -32.971
            ],
            [
              -68.8456,
              -32.971
            ],
            [
              -68.8456,
              -32.9701
            ],
            [
              -68.8467,
              -32.9701
            ],
            [
              -68.8467,
              -32.971
            ]
          ]
        ]
      },
      "properties": {
        "fid": 78,
        "padron": 36078,
        "nomenclatura": "06-01-01-02-02",
        "distrito": "CARRODILLA",
        "barrio_paraje": "Carrodilla - San Martín Sur",
        "calle": "Calle B",
        "numero": 200,
        "superficie_m2": 12268,
        "zonificacion": "C1 - Corredor Comercial",
        "fos_max": 0.8,
        "fot_max": 2.5,
        "estado_edificacion": "Edificado",
        "servicios": "Agua potable, Cloacas, Red de Gas, Electricidad",
        "titularidad": "Privada Registrada",
        "fuente": "Dirección de Catastro Municipal - Luján de Cuyo",
        "val_fiscal": 1042780000
      }
    },
    {
      "type": "Feature",
      "id": "parcela.79",
      "geometry": {
        "type": "Polygon",
        "coordinates": [
          [
            [
              -68.848,
              -32.9699
            ],
            [
              -68.8469,
              -32.9699
            ],
            [
              -68.8469,
              -32.969
            ],
            [
              -68.848,
              -32.969
            ],
            [
              -68.848,
              -32.9699
            ]
          ]
        ]
      },
      "properties": {
        "fid": 79,
        "padron": 36079,
        "nomenclatura": "06-01-01-02-03",
        "distrito": "CARRODILLA",
        "barrio_paraje": "Carrodilla - San Martín Sur",
        "calle": "Calle B",
        "numero": 250,
        "superficie_m2": 12268,
        "zonificacion": "C1 - Corredor Comercial",
        "fos_max": 0.8,
        "fot_max": 2.5,
        "estado_edificacion": "Edificado",
        "servicios": "Agua potable, Cloacas, Red de Gas, Electricidad",
        "titularidad": "Privada Registrada",
        "fuente": "Dirección de Catastro Municipal - Luján de Cuyo",
        "val_fiscal": 1042780000
      }
    },
    {
      "type": "Feature",
      "id": "parcela.80",
      "geometry": {
        "type": "Polygon",
        "coordinates": [
          [
            [
              -68.8467,
              -32.9699
            ],
            [
              -68.8456,
              -32.9699
            ],
            [
              -68.8456,
              -32.969
            ],
            [
              -68.8467,
              -32.969
            ],
            [
              -68.8467,
              -32.9699
            ]
          ]
        ]
      },
      "properties": {
        "fid": 80,
        "padron": 36080,
        "nomenclatura": "06-01-01-02-04",
        "distrito": "CARRODILLA",
        "barrio_paraje": "Carrodilla - San Martín Sur",
        "calle": "Calle B",
        "numero": 300,
        "superficie_m2": 12268,
        "zonificacion": "C1 - Corredor Comercial",
        "fos_max": 0.8,
        "fot_max": 2.5,
        "estado_edificacion": "Baldío",
        "servicios": "Agua potable, Cloacas, Red de Gas, Electricidad",
        "titularidad": "Privada Registrada",
        "fuente": "Dirección de Catastro Municipal - Luján de Cuyo",
        "val_fiscal": 1042780000
      }
    },
    {
      "type": "Feature",
      "id": "parcela.81",
      "geometry": {
        "type": "Polygon",
        "coordinates": [
          [
            [
              -68.8445,
              -32.971
            ],
            [
              -68.8434,
              -32.971
            ],
            [
              -68.8434,
              -32.9701
            ],
            [
              -68.8445,
              -32.9701
            ],
            [
              -68.8445,
              -32.971
            ]
          ]
        ]
      },
      "properties": {
        "fid": 81,
        "padron": 36081,
        "nomenclatura": "06-01-01-03-01",
        "distrito": "CARRODILLA",
        "barrio_paraje": "Carrodilla - San Martín Sur",
        "calle": "Calle C",
        "numero": 150,
        "superficie_m2": 12268,
        "zonificacion": "C1 - Corredor Comercial",
        "fos_max": 0.8,
        "fot_max": 2.5,
        "estado_edificacion": "Edificado",
        "servicios": "Agua potable, Cloacas, Red de Gas, Electricidad",
        "titularidad": "Privada Registrada",
        "fuente": "Dirección de Catastro Municipal - Luján de Cuyo",
        "val_fiscal": 1042780000
      }
    },
    {
      "type": "Feature",
      "id": "parcela.82",
      "geometry": {
        "type": "Polygon",
        "coordinates": [
          [
            [
              -68.8432,
              -32.971
            ],
            [
              -68.8421,
              -32.971
            ],
            [
              -68.8421,
              -32.9701
            ],
            [
              -68.8432,
              -32.9701
            ],
            [
              -68.8432,
              -32.971
            ]
          ]
        ]
      },
      "properties": {
        "fid": 82,
        "padron": 36082,
        "nomenclatura": "06-01-01-03-02",
        "distrito": "CARRODILLA",
        "barrio_paraje": "Carrodilla - San Martín Sur",
        "calle": "Calle C",
        "numero": 200,
        "superficie_m2": 12268,
        "zonificacion": "C1 - Corredor Comercial",
        "fos_max": 0.8,
        "fot_max": 2.5,
        "estado_edificacion": "Edificado",
        "servicios": "Agua potable, Cloacas, Red de Gas, Electricidad",
        "titularidad": "Privada Registrada",
        "fuente": "Dirección de Catastro Municipal - Luján de Cuyo",
        "val_fiscal": 1042780000
      }
    },
    {
      "type": "Feature",
      "id": "parcela.83",
      "geometry": {
        "type": "Polygon",
        "coordinates": [
          [
            [
              -68.8445,
              -32.9699
            ],
            [
              -68.8434,
              -32.9699
            ],
            [
              -68.8434,
              -32.969
            ],
            [
              -68.8445,
              -32.969
            ],
            [
              -68.8445,
              -32.9699
            ]
          ]
        ]
      },
      "properties": {
        "fid": 83,
        "padron": 36083,
        "nomenclatura": "06-01-01-03-03",
        "distrito": "CARRODILLA",
        "barrio_paraje": "Carrodilla - San Martín Sur",
        "calle": "Calle C",
        "numero": 250,
        "superficie_m2": 12268,
        "zonificacion": "C1 - Corredor Comercial",
        "fos_max": 0.8,
        "fot_max": 2.5,
        "estado_edificacion": "Edificado",
        "servicios": "Agua potable, Cloacas, Red de Gas, Electricidad",
        "titularidad": "Privada Registrada",
        "fuente": "Dirección de Catastro Municipal - Luján de Cuyo",
        "val_fiscal": 1042780000
      }
    },
    {
      "type": "Feature",
      "id": "parcela.84",
      "geometry": {
        "type": "Polygon",
        "coordinates": [
          [
            [
              -68.8432,
              -32.9699
            ],
            [
              -68.8421,
              -32.9699
            ],
            [
              -68.8421,
              -32.969
            ],
            [
              -68.8432,
              -32.969
            ],
            [
              -68.8432,
              -32.9699
            ]
          ]
        ]
      },
      "properties": {
        "fid": 84,
        "padron": 36084,
        "nomenclatura": "06-01-01-03-04",
        "distrito": "CARRODILLA",
        "barrio_paraje": "Carrodilla - San Martín Sur",
        "calle": "Calle C",
        "numero": 300,
        "superficie_m2": 12268,
        "zonificacion": "C1 - Corredor Comercial",
        "fos_max": 0.8,
        "fot_max": 2.5,
        "estado_edificacion": "Baldío",
        "servicios": "Agua potable, Cloacas, Red de Gas, Electricidad",
        "titularidad": "Privada Registrada",
        "fuente": "Dirección de Catastro Municipal - Luján de Cuyo",
        "val_fiscal": 1042780000
      }
    },
    {
      "type": "Feature",
      "id": "parcela.85",
      "geometry": {
        "type": "Polygon",
        "coordinates": [
          [
            [
              -68.8515,
              -32.968
            ],
            [
              -68.8504,
              -32.968
            ],
            [
              -68.8504,
              -32.9671
            ],
            [
              -68.8515,
              -32.9671
            ],
            [
              -68.8515,
              -32.968
            ]
          ]
        ]
      },
      "properties": {
        "fid": 85,
        "padron": 36085,
        "nomenclatura": "06-01-02-01-01",
        "distrito": "CARRODILLA",
        "barrio_paraje": "Carrodilla - San Martín Sur",
        "calle": "Calle A",
        "numero": 250,
        "superficie_m2": 12268,
        "zonificacion": "C1 - Corredor Comercial",
        "fos_max": 0.8,
        "fot_max": 2.5,
        "estado_edificacion": "Edificado",
        "servicios": "Agua potable, Cloacas, Red de Gas, Electricidad",
        "titularidad": "Privada Registrada",
        "fuente": "Dirección de Catastro Municipal - Luján de Cuyo",
        "val_fiscal": 1042780000
      }
    },
    {
      "type": "Feature",
      "id": "parcela.86",
      "geometry": {
        "type": "Polygon",
        "coordinates": [
          [
            [
              -68.8502,
              -32.968
            ],
            [
              -68.8491,
              -32.968
            ],
            [
              -68.8491,
              -32.9671
            ],
            [
              -68.8502,
              -32.9671
            ],
            [
              -68.8502,
              -32.968
            ]
          ]
        ]
      },
      "properties": {
        "fid": 86,
        "padron": 36086,
        "nomenclatura": "06-01-02-01-02",
        "distrito": "CARRODILLA",
        "barrio_paraje": "Carrodilla - San Martín Sur",
        "calle": "Calle A",
        "numero": 300,
        "superficie_m2": 12268,
        "zonificacion": "C1 - Corredor Comercial",
        "fos_max": 0.8,
        "fot_max": 2.5,
        "estado_edificacion": "Edificado",
        "servicios": "Agua potable, Cloacas, Red de Gas, Electricidad",
        "titularidad": "Privada Registrada",
        "fuente": "Dirección de Catastro Municipal - Luján de Cuyo",
        "val_fiscal": 1042780000
      }
    },
    {
      "type": "Feature",
      "id": "parcela.87",
      "geometry": {
        "type": "Polygon",
        "coordinates": [
          [
            [
              -68.8515,
              -32.9669
            ],
            [
              -68.8504,
              -32.9669
            ],
            [
              -68.8504,
              -32.966
            ],
            [
              -68.8515,
              -32.966
            ],
            [
              -68.8515,
              -32.9669
            ]
          ]
        ]
      },
      "properties": {
        "fid": 87,
        "padron": 36087,
        "nomenclatura": "06-01-02-01-03",
        "distrito": "CARRODILLA",
        "barrio_paraje": "Carrodilla - San Martín Sur",
        "calle": "Calle A",
        "numero": 350,
        "superficie_m2": 12268,
        "zonificacion": "C1 - Corredor Comercial",
        "fos_max": 0.8,
        "fot_max": 2.5,
        "estado_edificacion": "Edificado",
        "servicios": "Agua potable, Cloacas, Red de Gas, Electricidad",
        "titularidad": "Privada Registrada",
        "fuente": "Dirección de Catastro Municipal - Luján de Cuyo",
        "val_fiscal": 1042780000
      }
    },
    {
      "type": "Feature",
      "id": "parcela.88",
      "geometry": {
        "type": "Polygon",
        "coordinates": [
          [
            [
              -68.8502,
              -32.9669
            ],
            [
              -68.8491,
              -32.9669
            ],
            [
              -68.8491,
              -32.966
            ],
            [
              -68.8502,
              -32.966
            ],
            [
              -68.8502,
              -32.9669
            ]
          ]
        ]
      },
      "properties": {
        "fid": 88,
        "padron": 36088,
        "nomenclatura": "06-01-02-01-04",
        "distrito": "CARRODILLA",
        "barrio_paraje": "Carrodilla - San Martín Sur",
        "calle": "Calle A",
        "numero": 400,
        "superficie_m2": 12268,
        "zonificacion": "C1 - Corredor Comercial",
        "fos_max": 0.8,
        "fot_max": 2.5,
        "estado_edificacion": "Baldío",
        "servicios": "Agua potable, Cloacas, Red de Gas, Electricidad",
        "titularidad": "Privada Registrada",
        "fuente": "Dirección de Catastro Municipal - Luján de Cuyo",
        "val_fiscal": 1042780000
      }
    },
    {
      "type": "Feature",
      "id": "parcela.89",
      "geometry": {
        "type": "Polygon",
        "coordinates": [
          [
            [
              -68.848,
              -32.968
            ],
            [
              -68.8469,
              -32.968
            ],
            [
              -68.8469,
              -32.9671
            ],
            [
              -68.848,
              -32.9671
            ],
            [
              -68.848,
              -32.968
            ]
          ]
        ]
      },
      "properties": {
        "fid": 89,
        "padron": 36089,
        "nomenclatura": "06-01-02-02-01",
        "distrito": "CARRODILLA",
        "barrio_paraje": "Carrodilla - San Martín Sur",
        "calle": "Calle B",
        "numero": 250,
        "superficie_m2": 12268,
        "zonificacion": "C1 - Corredor Comercial",
        "fos_max": 0.8,
        "fot_max": 2.5,
        "estado_edificacion": "Edificado",
        "servicios": "Agua potable, Cloacas, Red de Gas, Electricidad",
        "titularidad": "Privada Registrada",
        "fuente": "Dirección de Catastro Municipal - Luján de Cuyo",
        "val_fiscal": 1042780000
      }
    },
    {
      "type": "Feature",
      "id": "parcela.90",
      "geometry": {
        "type": "Polygon",
        "coordinates": [
          [
            [
              -68.8467,
              -32.968
            ],
            [
              -68.8456,
              -32.968
            ],
            [
              -68.8456,
              -32.9671
            ],
            [
              -68.8467,
              -32.9671
            ],
            [
              -68.8467,
              -32.968
            ]
          ]
        ]
      },
      "properties": {
        "fid": 90,
        "padron": 36090,
        "nomenclatura": "06-01-02-02-02",
        "distrito": "CARRODILLA",
        "barrio_paraje": "Carrodilla - San Martín Sur",
        "calle": "Calle B",
        "numero": 300,
        "superficie_m2": 12268,
        "zonificacion": "C1 - Corredor Comercial",
        "fos_max": 0.8,
        "fot_max": 2.5,
        "estado_edificacion": "Edificado",
        "servicios": "Agua potable, Cloacas, Red de Gas, Electricidad",
        "titularidad": "Privada Registrada",
        "fuente": "Dirección de Catastro Municipal - Luján de Cuyo",
        "val_fiscal": 1042780000
      }
    },
    {
      "type": "Feature",
      "id": "parcela.91",
      "geometry": {
        "type": "Polygon",
        "coordinates": [
          [
            [
              -68.848,
              -32.9669
            ],
            [
              -68.8469,
              -32.9669
            ],
            [
              -68.8469,
              -32.966
            ],
            [
              -68.848,
              -32.966
            ],
            [
              -68.848,
              -32.9669
            ]
          ]
        ]
      },
      "properties": {
        "fid": 91,
        "padron": 36091,
        "nomenclatura": "06-01-02-02-03",
        "distrito": "CARRODILLA",
        "barrio_paraje": "Carrodilla - San Martín Sur",
        "calle": "Calle B",
        "numero": 350,
        "superficie_m2": 12268,
        "zonificacion": "C1 - Corredor Comercial",
        "fos_max": 0.8,
        "fot_max": 2.5,
        "estado_edificacion": "Edificado",
        "servicios": "Agua potable, Cloacas, Red de Gas, Electricidad",
        "titularidad": "Privada Registrada",
        "fuente": "Dirección de Catastro Municipal - Luján de Cuyo",
        "val_fiscal": 1042780000
      }
    },
    {
      "type": "Feature",
      "id": "parcela.92",
      "geometry": {
        "type": "Polygon",
        "coordinates": [
          [
            [
              -68.8467,
              -32.9669
            ],
            [
              -68.8456,
              -32.9669
            ],
            [
              -68.8456,
              -32.966
            ],
            [
              -68.8467,
              -32.966
            ],
            [
              -68.8467,
              -32.9669
            ]
          ]
        ]
      },
      "properties": {
        "fid": 92,
        "padron": 36092,
        "nomenclatura": "06-01-02-02-04",
        "distrito": "CARRODILLA",
        "barrio_paraje": "Carrodilla - San Martín Sur",
        "calle": "Calle B",
        "numero": 400,
        "superficie_m2": 12268,
        "zonificacion": "C1 - Corredor Comercial",
        "fos_max": 0.8,
        "fot_max": 2.5,
        "estado_edificacion": "Baldío",
        "servicios": "Agua potable, Cloacas, Red de Gas, Electricidad",
        "titularidad": "Privada Registrada",
        "fuente": "Dirección de Catastro Municipal - Luján de Cuyo",
        "val_fiscal": 1042780000
      }
    },
    {
      "type": "Feature",
      "id": "parcela.93",
      "geometry": {
        "type": "Polygon",
        "coordinates": [
          [
            [
              -68.8445,
              -32.968
            ],
            [
              -68.8434,
              -32.968
            ],
            [
              -68.8434,
              -32.9671
            ],
            [
              -68.8445,
              -32.9671
            ],
            [
              -68.8445,
              -32.968
            ]
          ]
        ]
      },
      "properties": {
        "fid": 93,
        "padron": 36093,
        "nomenclatura": "06-01-02-03-01",
        "distrito": "CARRODILLA",
        "barrio_paraje": "Carrodilla - San Martín Sur",
        "calle": "Calle C",
        "numero": 250,
        "superficie_m2": 12268,
        "zonificacion": "C1 - Corredor Comercial",
        "fos_max": 0.8,
        "fot_max": 2.5,
        "estado_edificacion": "Edificado",
        "servicios": "Agua potable, Cloacas, Red de Gas, Electricidad",
        "titularidad": "Privada Registrada",
        "fuente": "Dirección de Catastro Municipal - Luján de Cuyo",
        "val_fiscal": 1042780000
      }
    },
    {
      "type": "Feature",
      "id": "parcela.94",
      "geometry": {
        "type": "Polygon",
        "coordinates": [
          [
            [
              -68.8432,
              -32.968
            ],
            [
              -68.8421,
              -32.968
            ],
            [
              -68.8421,
              -32.9671
            ],
            [
              -68.8432,
              -32.9671
            ],
            [
              -68.8432,
              -32.968
            ]
          ]
        ]
      },
      "properties": {
        "fid": 94,
        "padron": 36094,
        "nomenclatura": "06-01-02-03-02",
        "distrito": "CARRODILLA",
        "barrio_paraje": "Carrodilla - San Martín Sur",
        "calle": "Calle C",
        "numero": 300,
        "superficie_m2": 12268,
        "zonificacion": "C1 - Corredor Comercial",
        "fos_max": 0.8,
        "fot_max": 2.5,
        "estado_edificacion": "Edificado",
        "servicios": "Agua potable, Cloacas, Red de Gas, Electricidad",
        "titularidad": "Privada Registrada",
        "fuente": "Dirección de Catastro Municipal - Luján de Cuyo",
        "val_fiscal": 1042780000
      }
    },
    {
      "type": "Feature",
      "id": "parcela.95",
      "geometry": {
        "type": "Polygon",
        "coordinates": [
          [
            [
              -68.8445,
              -32.9669
            ],
            [
              -68.8434,
              -32.9669
            ],
            [
              -68.8434,
              -32.966
            ],
            [
              -68.8445,
              -32.966
            ],
            [
              -68.8445,
              -32.9669
            ]
          ]
        ]
      },
      "properties": {
        "fid": 95,
        "padron": 36095,
        "nomenclatura": "06-01-02-03-03",
        "distrito": "CARRODILLA",
        "barrio_paraje": "Carrodilla - San Martín Sur",
        "calle": "Calle C",
        "numero": 350,
        "superficie_m2": 12268,
        "zonificacion": "C1 - Corredor Comercial",
        "fos_max": 0.8,
        "fot_max": 2.5,
        "estado_edificacion": "Edificado",
        "servicios": "Agua potable, Cloacas, Red de Gas, Electricidad",
        "titularidad": "Privada Registrada",
        "fuente": "Dirección de Catastro Municipal - Luján de Cuyo",
        "val_fiscal": 1042780000
      }
    },
    {
      "type": "Feature",
      "id": "parcela.96",
      "geometry": {
        "type": "Polygon",
        "coordinates": [
          [
            [
              -68.8432,
              -32.9669
            ],
            [
              -68.8421,
              -32.9669
            ],
            [
              -68.8421,
              -32.966
            ],
            [
              -68.8432,
              -32.966
            ],
            [
              -68.8432,
              -32.9669
            ]
          ]
        ]
      },
      "properties": {
        "fid": 96,
        "padron": 36096,
        "nomenclatura": "06-01-02-03-04",
        "distrito": "CARRODILLA",
        "barrio_paraje": "Carrodilla - San Martín Sur",
        "calle": "Calle C",
        "numero": 400,
        "superficie_m2": 12268,
        "zonificacion": "C1 - Corredor Comercial",
        "fos_max": 0.8,
        "fot_max": 2.5,
        "estado_edificacion": "Baldío",
        "servicios": "Agua potable, Cloacas, Red de Gas, Electricidad",
        "titularidad": "Privada Registrada",
        "fuente": "Dirección de Catastro Municipal - Luján de Cuyo",
        "val_fiscal": 1042780000
      }
    },
    {
      "type": "Feature",
      "id": "parcela.97",
      "geometry": {
        "type": "Polygon",
        "coordinates": [
          [
            [
              -68.8515,
              -32.965
            ],
            [
              -68.8504,
              -32.965
            ],
            [
              -68.8504,
              -32.9641
            ],
            [
              -68.8515,
              -32.9641
            ],
            [
              -68.8515,
              -32.965
            ]
          ]
        ]
      },
      "properties": {
        "fid": 97,
        "padron": 36097,
        "nomenclatura": "06-01-03-01-01",
        "distrito": "CARRODILLA",
        "barrio_paraje": "Carrodilla - San Martín Sur",
        "calle": "Calle A",
        "numero": 350,
        "superficie_m2": 12268,
        "zonificacion": "C1 - Corredor Comercial",
        "fos_max": 0.8,
        "fot_max": 2.5,
        "estado_edificacion": "Edificado",
        "servicios": "Agua potable, Cloacas, Red de Gas, Electricidad",
        "titularidad": "Privada Registrada",
        "fuente": "Dirección de Catastro Municipal - Luján de Cuyo",
        "val_fiscal": 1042780000
      }
    },
    {
      "type": "Feature",
      "id": "parcela.98",
      "geometry": {
        "type": "Polygon",
        "coordinates": [
          [
            [
              -68.8502,
              -32.965
            ],
            [
              -68.8491,
              -32.965
            ],
            [
              -68.8491,
              -32.9641
            ],
            [
              -68.8502,
              -32.9641
            ],
            [
              -68.8502,
              -32.965
            ]
          ]
        ]
      },
      "properties": {
        "fid": 98,
        "padron": 36098,
        "nomenclatura": "06-01-03-01-02",
        "distrito": "CARRODILLA",
        "barrio_paraje": "Carrodilla - San Martín Sur",
        "calle": "Calle A",
        "numero": 400,
        "superficie_m2": 12268,
        "zonificacion": "C1 - Corredor Comercial",
        "fos_max": 0.8,
        "fot_max": 2.5,
        "estado_edificacion": "Edificado",
        "servicios": "Agua potable, Cloacas, Red de Gas, Electricidad",
        "titularidad": "Privada Registrada",
        "fuente": "Dirección de Catastro Municipal - Luján de Cuyo",
        "val_fiscal": 1042780000
      }
    },
    {
      "type": "Feature",
      "id": "parcela.99",
      "geometry": {
        "type": "Polygon",
        "coordinates": [
          [
            [
              -68.8515,
              -32.9639
            ],
            [
              -68.8504,
              -32.9639
            ],
            [
              -68.8504,
              -32.963
            ],
            [
              -68.8515,
              -32.963
            ],
            [
              -68.8515,
              -32.9639
            ]
          ]
        ]
      },
      "properties": {
        "fid": 99,
        "padron": 36099,
        "nomenclatura": "06-01-03-01-03",
        "distrito": "CARRODILLA",
        "barrio_paraje": "Carrodilla - San Martín Sur",
        "calle": "Calle A",
        "numero": 450,
        "superficie_m2": 12268,
        "zonificacion": "C1 - Corredor Comercial",
        "fos_max": 0.8,
        "fot_max": 2.5,
        "estado_edificacion": "Edificado",
        "servicios": "Agua potable, Cloacas, Red de Gas, Electricidad",
        "titularidad": "Privada Registrada",
        "fuente": "Dirección de Catastro Municipal - Luján de Cuyo",
        "val_fiscal": 1042780000
      }
    },
    {
      "type": "Feature",
      "id": "parcela.100",
      "geometry": {
        "type": "Polygon",
        "coordinates": [
          [
            [
              -68.8502,
              -32.9639
            ],
            [
              -68.8491,
              -32.9639
            ],
            [
              -68.8491,
              -32.963
            ],
            [
              -68.8502,
              -32.963
            ],
            [
              -68.8502,
              -32.9639
            ]
          ]
        ]
      },
      "properties": {
        "fid": 100,
        "padron": 36100,
        "nomenclatura": "06-01-03-01-04",
        "distrito": "CARRODILLA",
        "barrio_paraje": "Carrodilla - San Martín Sur",
        "calle": "Calle A",
        "numero": 500,
        "superficie_m2": 12268,
        "zonificacion": "C1 - Corredor Comercial",
        "fos_max": 0.8,
        "fot_max": 2.5,
        "estado_edificacion": "Baldío",
        "servicios": "Agua potable, Cloacas, Red de Gas, Electricidad",
        "titularidad": "Privada Registrada",
        "fuente": "Dirección de Catastro Municipal - Luján de Cuyo",
        "val_fiscal": 1042780000
      }
    },
    {
      "type": "Feature",
      "id": "parcela.101",
      "geometry": {
        "type": "Polygon",
        "coordinates": [
          [
            [
              -68.848,
              -32.965
            ],
            [
              -68.8469,
              -32.965
            ],
            [
              -68.8469,
              -32.9641
            ],
            [
              -68.848,
              -32.9641
            ],
            [
              -68.848,
              -32.965
            ]
          ]
        ]
      },
      "properties": {
        "fid": 101,
        "padron": 36101,
        "nomenclatura": "06-01-03-02-01",
        "distrito": "CARRODILLA",
        "barrio_paraje": "Carrodilla - San Martín Sur",
        "calle": "Calle B",
        "numero": 350,
        "superficie_m2": 12268,
        "zonificacion": "C1 - Corredor Comercial",
        "fos_max": 0.8,
        "fot_max": 2.5,
        "estado_edificacion": "Edificado",
        "servicios": "Agua potable, Cloacas, Red de Gas, Electricidad",
        "titularidad": "Privada Registrada",
        "fuente": "Dirección de Catastro Municipal - Luján de Cuyo",
        "val_fiscal": 1042780000
      }
    },
    {
      "type": "Feature",
      "id": "parcela.102",
      "geometry": {
        "type": "Polygon",
        "coordinates": [
          [
            [
              -68.8467,
              -32.965
            ],
            [
              -68.8456,
              -32.965
            ],
            [
              -68.8456,
              -32.9641
            ],
            [
              -68.8467,
              -32.9641
            ],
            [
              -68.8467,
              -32.965
            ]
          ]
        ]
      },
      "properties": {
        "fid": 102,
        "padron": 36102,
        "nomenclatura": "06-01-03-02-02",
        "distrito": "CARRODILLA",
        "barrio_paraje": "Carrodilla - San Martín Sur",
        "calle": "Calle B",
        "numero": 400,
        "superficie_m2": 12268,
        "zonificacion": "C1 - Corredor Comercial",
        "fos_max": 0.8,
        "fot_max": 2.5,
        "estado_edificacion": "Edificado",
        "servicios": "Agua potable, Cloacas, Red de Gas, Electricidad",
        "titularidad": "Privada Registrada",
        "fuente": "Dirección de Catastro Municipal - Luján de Cuyo",
        "val_fiscal": 1042780000
      }
    },
    {
      "type": "Feature",
      "id": "parcela.103",
      "geometry": {
        "type": "Polygon",
        "coordinates": [
          [
            [
              -68.848,
              -32.9639
            ],
            [
              -68.8469,
              -32.9639
            ],
            [
              -68.8469,
              -32.963
            ],
            [
              -68.848,
              -32.963
            ],
            [
              -68.848,
              -32.9639
            ]
          ]
        ]
      },
      "properties": {
        "fid": 103,
        "padron": 36103,
        "nomenclatura": "06-01-03-02-03",
        "distrito": "CARRODILLA",
        "barrio_paraje": "Carrodilla - San Martín Sur",
        "calle": "Calle B",
        "numero": 450,
        "superficie_m2": 12268,
        "zonificacion": "C1 - Corredor Comercial",
        "fos_max": 0.8,
        "fot_max": 2.5,
        "estado_edificacion": "Edificado",
        "servicios": "Agua potable, Cloacas, Red de Gas, Electricidad",
        "titularidad": "Privada Registrada",
        "fuente": "Dirección de Catastro Municipal - Luján de Cuyo",
        "val_fiscal": 1042780000
      }
    },
    {
      "type": "Feature",
      "id": "parcela.104",
      "geometry": {
        "type": "Polygon",
        "coordinates": [
          [
            [
              -68.8467,
              -32.9639
            ],
            [
              -68.8456,
              -32.9639
            ],
            [
              -68.8456,
              -32.963
            ],
            [
              -68.8467,
              -32.963
            ],
            [
              -68.8467,
              -32.9639
            ]
          ]
        ]
      },
      "properties": {
        "fid": 104,
        "padron": 36104,
        "nomenclatura": "06-01-03-02-04",
        "distrito": "CARRODILLA",
        "barrio_paraje": "Carrodilla - San Martín Sur",
        "calle": "Calle B",
        "numero": 500,
        "superficie_m2": 12268,
        "zonificacion": "C1 - Corredor Comercial",
        "fos_max": 0.8,
        "fot_max": 2.5,
        "estado_edificacion": "Baldío",
        "servicios": "Agua potable, Cloacas, Red de Gas, Electricidad",
        "titularidad": "Privada Registrada",
        "fuente": "Dirección de Catastro Municipal - Luján de Cuyo",
        "val_fiscal": 1042780000
      }
    },
    {
      "type": "Feature",
      "id": "parcela.105",
      "geometry": {
        "type": "Polygon",
        "coordinates": [
          [
            [
              -68.8445,
              -32.965
            ],
            [
              -68.8434,
              -32.965
            ],
            [
              -68.8434,
              -32.9641
            ],
            [
              -68.8445,
              -32.9641
            ],
            [
              -68.8445,
              -32.965
            ]
          ]
        ]
      },
      "properties": {
        "fid": 105,
        "padron": 36105,
        "nomenclatura": "06-01-03-03-01",
        "distrito": "CARRODILLA",
        "barrio_paraje": "Carrodilla - San Martín Sur",
        "calle": "Calle C",
        "numero": 350,
        "superficie_m2": 12268,
        "zonificacion": "C1 - Corredor Comercial",
        "fos_max": 0.8,
        "fot_max": 2.5,
        "estado_edificacion": "Edificado",
        "servicios": "Agua potable, Cloacas, Red de Gas, Electricidad",
        "titularidad": "Privada Registrada",
        "fuente": "Dirección de Catastro Municipal - Luján de Cuyo",
        "val_fiscal": 1042780000
      }
    },
    {
      "type": "Feature",
      "id": "parcela.106",
      "geometry": {
        "type": "Polygon",
        "coordinates": [
          [
            [
              -68.8432,
              -32.965
            ],
            [
              -68.8421,
              -32.965
            ],
            [
              -68.8421,
              -32.9641
            ],
            [
              -68.8432,
              -32.9641
            ],
            [
              -68.8432,
              -32.965
            ]
          ]
        ]
      },
      "properties": {
        "fid": 106,
        "padron": 36106,
        "nomenclatura": "06-01-03-03-02",
        "distrito": "CARRODILLA",
        "barrio_paraje": "Carrodilla - San Martín Sur",
        "calle": "Calle C",
        "numero": 400,
        "superficie_m2": 12268,
        "zonificacion": "C1 - Corredor Comercial",
        "fos_max": 0.8,
        "fot_max": 2.5,
        "estado_edificacion": "Edificado",
        "servicios": "Agua potable, Cloacas, Red de Gas, Electricidad",
        "titularidad": "Privada Registrada",
        "fuente": "Dirección de Catastro Municipal - Luján de Cuyo",
        "val_fiscal": 1042780000
      }
    },
    {
      "type": "Feature",
      "id": "parcela.107",
      "geometry": {
        "type": "Polygon",
        "coordinates": [
          [
            [
              -68.8445,
              -32.9639
            ],
            [
              -68.8434,
              -32.9639
            ],
            [
              -68.8434,
              -32.963
            ],
            [
              -68.8445,
              -32.963
            ],
            [
              -68.8445,
              -32.9639
            ]
          ]
        ]
      },
      "properties": {
        "fid": 107,
        "padron": 36107,
        "nomenclatura": "06-01-03-03-03",
        "distrito": "CARRODILLA",
        "barrio_paraje": "Carrodilla - San Martín Sur",
        "calle": "Calle C",
        "numero": 450,
        "superficie_m2": 12268,
        "zonificacion": "C1 - Corredor Comercial",
        "fos_max": 0.8,
        "fot_max": 2.5,
        "estado_edificacion": "Edificado",
        "servicios": "Agua potable, Cloacas, Red de Gas, Electricidad",
        "titularidad": "Privada Registrada",
        "fuente": "Dirección de Catastro Municipal - Luján de Cuyo",
        "val_fiscal": 1042780000
      }
    },
    {
      "type": "Feature",
      "id": "parcela.108",
      "geometry": {
        "type": "Polygon",
        "coordinates": [
          [
            [
              -68.8432,
              -32.9639
            ],
            [
              -68.8421,
              -32.9639
            ],
            [
              -68.8421,
              -32.963
            ],
            [
              -68.8432,
              -32.963
            ],
            [
              -68.8432,
              -32.9639
            ]
          ]
        ]
      },
      "properties": {
        "fid": 108,
        "padron": 36108,
        "nomenclatura": "06-01-03-03-04",
        "distrito": "CARRODILLA",
        "barrio_paraje": "Carrodilla - San Martín Sur",
        "calle": "Calle C",
        "numero": 500,
        "superficie_m2": 12268,
        "zonificacion": "C1 - Corredor Comercial",
        "fos_max": 0.8,
        "fot_max": 2.5,
        "estado_edificacion": "Baldío",
        "servicios": "Agua potable, Cloacas, Red de Gas, Electricidad",
        "titularidad": "Privada Registrada",
        "fuente": "Dirección de Catastro Municipal - Luján de Cuyo",
        "val_fiscal": 1042780000
      }
    },
    {
      "type": "Feature",
      "id": "parcela.109",
      "geometry": {
        "type": "Polygon",
        "coordinates": [
          [
            [
              -68.8715,
              -33.041
            ],
            [
              -68.8704,
              -33.041
            ],
            [
              -68.8704,
              -33.0401
            ],
            [
              -68.8715,
              -33.0401
            ],
            [
              -68.8715,
              -33.041
            ]
          ]
        ]
      },
      "properties": {
        "fid": 109,
        "padron": 42109,
        "nomenclatura": "06-01-01-01-01",
        "distrito": "MAYOR DRUMOND",
        "barrio_paraje": "Drumond - San Martín",
        "calle": "Calle A",
        "numero": 150,
        "superficie_m2": 12268,
        "zonificacion": "R2 - Residencial Mixta",
        "fos_max": 0.6,
        "fot_max": 1.2,
        "estado_edificacion": "Edificado",
        "servicios": "Agua potable, Cloacas, Red de Gas, Electricidad",
        "titularidad": "Privada Registrada",
        "fuente": "Dirección de Catastro Municipal - Luján de Cuyo",
        "val_fiscal": 1042780000
      }
    },
    {
      "type": "Feature",
      "id": "parcela.110",
      "geometry": {
        "type": "Polygon",
        "coordinates": [
          [
            [
              -68.8702,
              -33.041
            ],
            [
              -68.8691,
              -33.041
            ],
            [
              -68.8691,
              -33.0401
            ],
            [
              -68.8702,
              -33.0401
            ],
            [
              -68.8702,
              -33.041
            ]
          ]
        ]
      },
      "properties": {
        "fid": 110,
        "padron": 42110,
        "nomenclatura": "06-01-01-01-02",
        "distrito": "MAYOR DRUMOND",
        "barrio_paraje": "Drumond - San Martín",
        "calle": "Calle A",
        "numero": 200,
        "superficie_m2": 12268,
        "zonificacion": "R2 - Residencial Mixta",
        "fos_max": 0.6,
        "fot_max": 1.2,
        "estado_edificacion": "Edificado",
        "servicios": "Agua potable, Cloacas, Red de Gas, Electricidad",
        "titularidad": "Privada Registrada",
        "fuente": "Dirección de Catastro Municipal - Luján de Cuyo",
        "val_fiscal": 1042780000
      }
    },
    {
      "type": "Feature",
      "id": "parcela.111",
      "geometry": {
        "type": "Polygon",
        "coordinates": [
          [
            [
              -68.8715,
              -33.0399
            ],
            [
              -68.8704,
              -33.0399
            ],
            [
              -68.8704,
              -33.039
            ],
            [
              -68.8715,
              -33.039
            ],
            [
              -68.8715,
              -33.0399
            ]
          ]
        ]
      },
      "properties": {
        "fid": 111,
        "padron": 42111,
        "nomenclatura": "06-01-01-01-03",
        "distrito": "MAYOR DRUMOND",
        "barrio_paraje": "Drumond - San Martín",
        "calle": "Calle A",
        "numero": 250,
        "superficie_m2": 12268,
        "zonificacion": "R2 - Residencial Mixta",
        "fos_max": 0.6,
        "fot_max": 1.2,
        "estado_edificacion": "Edificado",
        "servicios": "Agua potable, Cloacas, Red de Gas, Electricidad",
        "titularidad": "Privada Registrada",
        "fuente": "Dirección de Catastro Municipal - Luján de Cuyo",
        "val_fiscal": 1042780000
      }
    },
    {
      "type": "Feature",
      "id": "parcela.112",
      "geometry": {
        "type": "Polygon",
        "coordinates": [
          [
            [
              -68.8702,
              -33.0399
            ],
            [
              -68.8691,
              -33.0399
            ],
            [
              -68.8691,
              -33.039
            ],
            [
              -68.8702,
              -33.039
            ],
            [
              -68.8702,
              -33.0399
            ]
          ]
        ]
      },
      "properties": {
        "fid": 112,
        "padron": 42112,
        "nomenclatura": "06-01-01-01-04",
        "distrito": "MAYOR DRUMOND",
        "barrio_paraje": "Drumond - San Martín",
        "calle": "Calle A",
        "numero": 300,
        "superficie_m2": 12268,
        "zonificacion": "R2 - Residencial Mixta",
        "fos_max": 0.6,
        "fot_max": 1.2,
        "estado_edificacion": "Baldío",
        "servicios": "Agua potable, Cloacas, Red de Gas, Electricidad",
        "titularidad": "Privada Registrada",
        "fuente": "Dirección de Catastro Municipal - Luján de Cuyo",
        "val_fiscal": 1042780000
      }
    },
    {
      "type": "Feature",
      "id": "parcela.113",
      "geometry": {
        "type": "Polygon",
        "coordinates": [
          [
            [
              -68.868,
              -33.041
            ],
            [
              -68.8669,
              -33.041
            ],
            [
              -68.8669,
              -33.0401
            ],
            [
              -68.868,
              -33.0401
            ],
            [
              -68.868,
              -33.041
            ]
          ]
        ]
      },
      "properties": {
        "fid": 113,
        "padron": 42113,
        "nomenclatura": "06-01-01-02-01",
        "distrito": "MAYOR DRUMOND",
        "barrio_paraje": "Drumond - San Martín",
        "calle": "Calle B",
        "numero": 150,
        "superficie_m2": 12268,
        "zonificacion": "R2 - Residencial Mixta",
        "fos_max": 0.6,
        "fot_max": 1.2,
        "estado_edificacion": "Edificado",
        "servicios": "Agua potable, Cloacas, Red de Gas, Electricidad",
        "titularidad": "Privada Registrada",
        "fuente": "Dirección de Catastro Municipal - Luján de Cuyo",
        "val_fiscal": 1042780000
      }
    },
    {
      "type": "Feature",
      "id": "parcela.114",
      "geometry": {
        "type": "Polygon",
        "coordinates": [
          [
            [
              -68.8667,
              -33.041
            ],
            [
              -68.8656,
              -33.041
            ],
            [
              -68.8656,
              -33.0401
            ],
            [
              -68.8667,
              -33.0401
            ],
            [
              -68.8667,
              -33.041
            ]
          ]
        ]
      },
      "properties": {
        "fid": 114,
        "padron": 42114,
        "nomenclatura": "06-01-01-02-02",
        "distrito": "MAYOR DRUMOND",
        "barrio_paraje": "Drumond - San Martín",
        "calle": "Calle B",
        "numero": 200,
        "superficie_m2": 12268,
        "zonificacion": "R2 - Residencial Mixta",
        "fos_max": 0.6,
        "fot_max": 1.2,
        "estado_edificacion": "Edificado",
        "servicios": "Agua potable, Cloacas, Red de Gas, Electricidad",
        "titularidad": "Privada Registrada",
        "fuente": "Dirección de Catastro Municipal - Luján de Cuyo",
        "val_fiscal": 1042780000
      }
    },
    {
      "type": "Feature",
      "id": "parcela.115",
      "geometry": {
        "type": "Polygon",
        "coordinates": [
          [
            [
              -68.868,
              -33.0399
            ],
            [
              -68.8669,
              -33.0399
            ],
            [
              -68.8669,
              -33.039
            ],
            [
              -68.868,
              -33.039
            ],
            [
              -68.868,
              -33.0399
            ]
          ]
        ]
      },
      "properties": {
        "fid": 115,
        "padron": 42115,
        "nomenclatura": "06-01-01-02-03",
        "distrito": "MAYOR DRUMOND",
        "barrio_paraje": "Drumond - San Martín",
        "calle": "Calle B",
        "numero": 250,
        "superficie_m2": 12268,
        "zonificacion": "R2 - Residencial Mixta",
        "fos_max": 0.6,
        "fot_max": 1.2,
        "estado_edificacion": "Edificado",
        "servicios": "Agua potable, Cloacas, Red de Gas, Electricidad",
        "titularidad": "Privada Registrada",
        "fuente": "Dirección de Catastro Municipal - Luján de Cuyo",
        "val_fiscal": 1042780000
      }
    },
    {
      "type": "Feature",
      "id": "parcela.116",
      "geometry": {
        "type": "Polygon",
        "coordinates": [
          [
            [
              -68.8667,
              -33.0399
            ],
            [
              -68.8656,
              -33.0399
            ],
            [
              -68.8656,
              -33.039
            ],
            [
              -68.8667,
              -33.039
            ],
            [
              -68.8667,
              -33.0399
            ]
          ]
        ]
      },
      "properties": {
        "fid": 116,
        "padron": 42116,
        "nomenclatura": "06-01-01-02-04",
        "distrito": "MAYOR DRUMOND",
        "barrio_paraje": "Drumond - San Martín",
        "calle": "Calle B",
        "numero": 300,
        "superficie_m2": 12268,
        "zonificacion": "R2 - Residencial Mixta",
        "fos_max": 0.6,
        "fot_max": 1.2,
        "estado_edificacion": "Baldío",
        "servicios": "Agua potable, Cloacas, Red de Gas, Electricidad",
        "titularidad": "Privada Registrada",
        "fuente": "Dirección de Catastro Municipal - Luján de Cuyo",
        "val_fiscal": 1042780000
      }
    },
    {
      "type": "Feature",
      "id": "parcela.117",
      "geometry": {
        "type": "Polygon",
        "coordinates": [
          [
            [
              -68.8645,
              -33.041
            ],
            [
              -68.8634,
              -33.041
            ],
            [
              -68.8634,
              -33.0401
            ],
            [
              -68.8645,
              -33.0401
            ],
            [
              -68.8645,
              -33.041
            ]
          ]
        ]
      },
      "properties": {
        "fid": 117,
        "padron": 42117,
        "nomenclatura": "06-01-01-03-01",
        "distrito": "MAYOR DRUMOND",
        "barrio_paraje": "Drumond - San Martín",
        "calle": "Calle C",
        "numero": 150,
        "superficie_m2": 12268,
        "zonificacion": "R2 - Residencial Mixta",
        "fos_max": 0.6,
        "fot_max": 1.2,
        "estado_edificacion": "Edificado",
        "servicios": "Agua potable, Cloacas, Red de Gas, Electricidad",
        "titularidad": "Privada Registrada",
        "fuente": "Dirección de Catastro Municipal - Luján de Cuyo",
        "val_fiscal": 1042780000
      }
    },
    {
      "type": "Feature",
      "id": "parcela.118",
      "geometry": {
        "type": "Polygon",
        "coordinates": [
          [
            [
              -68.8632,
              -33.041
            ],
            [
              -68.8621,
              -33.041
            ],
            [
              -68.8621,
              -33.0401
            ],
            [
              -68.8632,
              -33.0401
            ],
            [
              -68.8632,
              -33.041
            ]
          ]
        ]
      },
      "properties": {
        "fid": 118,
        "padron": 42118,
        "nomenclatura": "06-01-01-03-02",
        "distrito": "MAYOR DRUMOND",
        "barrio_paraje": "Drumond - San Martín",
        "calle": "Calle C",
        "numero": 200,
        "superficie_m2": 12268,
        "zonificacion": "R2 - Residencial Mixta",
        "fos_max": 0.6,
        "fot_max": 1.2,
        "estado_edificacion": "Edificado",
        "servicios": "Agua potable, Cloacas, Red de Gas, Electricidad",
        "titularidad": "Privada Registrada",
        "fuente": "Dirección de Catastro Municipal - Luján de Cuyo",
        "val_fiscal": 1042780000
      }
    },
    {
      "type": "Feature",
      "id": "parcela.119",
      "geometry": {
        "type": "Polygon",
        "coordinates": [
          [
            [
              -68.8645,
              -33.0399
            ],
            [
              -68.8634,
              -33.0399
            ],
            [
              -68.8634,
              -33.039
            ],
            [
              -68.8645,
              -33.039
            ],
            [
              -68.8645,
              -33.0399
            ]
          ]
        ]
      },
      "properties": {
        "fid": 119,
        "padron": 42119,
        "nomenclatura": "06-01-01-03-03",
        "distrito": "MAYOR DRUMOND",
        "barrio_paraje": "Drumond - San Martín",
        "calle": "Calle C",
        "numero": 250,
        "superficie_m2": 12268,
        "zonificacion": "R2 - Residencial Mixta",
        "fos_max": 0.6,
        "fot_max": 1.2,
        "estado_edificacion": "Edificado",
        "servicios": "Agua potable, Cloacas, Red de Gas, Electricidad",
        "titularidad": "Privada Registrada",
        "fuente": "Dirección de Catastro Municipal - Luján de Cuyo",
        "val_fiscal": 1042780000
      }
    },
    {
      "type": "Feature",
      "id": "parcela.120",
      "geometry": {
        "type": "Polygon",
        "coordinates": [
          [
            [
              -68.8632,
              -33.0399
            ],
            [
              -68.8621,
              -33.0399
            ],
            [
              -68.8621,
              -33.039
            ],
            [
              -68.8632,
              -33.039
            ],
            [
              -68.8632,
              -33.0399
            ]
          ]
        ]
      },
      "properties": {
        "fid": 120,
        "padron": 42120,
        "nomenclatura": "06-01-01-03-04",
        "distrito": "MAYOR DRUMOND",
        "barrio_paraje": "Drumond - San Martín",
        "calle": "Calle C",
        "numero": 300,
        "superficie_m2": 12268,
        "zonificacion": "R2 - Residencial Mixta",
        "fos_max": 0.6,
        "fot_max": 1.2,
        "estado_edificacion": "Baldío",
        "servicios": "Agua potable, Cloacas, Red de Gas, Electricidad",
        "titularidad": "Privada Registrada",
        "fuente": "Dirección de Catastro Municipal - Luján de Cuyo",
        "val_fiscal": 1042780000
      }
    },
    {
      "type": "Feature",
      "id": "parcela.121",
      "geometry": {
        "type": "Polygon",
        "coordinates": [
          [
            [
              -68.8715,
              -33.038
            ],
            [
              -68.8704,
              -33.038
            ],
            [
              -68.8704,
              -33.0371
            ],
            [
              -68.8715,
              -33.0371
            ],
            [
              -68.8715,
              -33.038
            ]
          ]
        ]
      },
      "properties": {
        "fid": 121,
        "padron": 42121,
        "nomenclatura": "06-01-02-01-01",
        "distrito": "MAYOR DRUMOND",
        "barrio_paraje": "Drumond - San Martín",
        "calle": "Calle A",
        "numero": 250,
        "superficie_m2": 12268,
        "zonificacion": "R2 - Residencial Mixta",
        "fos_max": 0.6,
        "fot_max": 1.2,
        "estado_edificacion": "Edificado",
        "servicios": "Agua potable, Cloacas, Red de Gas, Electricidad",
        "titularidad": "Privada Registrada",
        "fuente": "Dirección de Catastro Municipal - Luján de Cuyo",
        "val_fiscal": 1042780000
      }
    },
    {
      "type": "Feature",
      "id": "parcela.122",
      "geometry": {
        "type": "Polygon",
        "coordinates": [
          [
            [
              -68.8702,
              -33.038
            ],
            [
              -68.8691,
              -33.038
            ],
            [
              -68.8691,
              -33.0371
            ],
            [
              -68.8702,
              -33.0371
            ],
            [
              -68.8702,
              -33.038
            ]
          ]
        ]
      },
      "properties": {
        "fid": 122,
        "padron": 42122,
        "nomenclatura": "06-01-02-01-02",
        "distrito": "MAYOR DRUMOND",
        "barrio_paraje": "Drumond - San Martín",
        "calle": "Calle A",
        "numero": 300,
        "superficie_m2": 12268,
        "zonificacion": "R2 - Residencial Mixta",
        "fos_max": 0.6,
        "fot_max": 1.2,
        "estado_edificacion": "Edificado",
        "servicios": "Agua potable, Cloacas, Red de Gas, Electricidad",
        "titularidad": "Privada Registrada",
        "fuente": "Dirección de Catastro Municipal - Luján de Cuyo",
        "val_fiscal": 1042780000
      }
    },
    {
      "type": "Feature",
      "id": "parcela.123",
      "geometry": {
        "type": "Polygon",
        "coordinates": [
          [
            [
              -68.8715,
              -33.0369
            ],
            [
              -68.8704,
              -33.0369
            ],
            [
              -68.8704,
              -33.036
            ],
            [
              -68.8715,
              -33.036
            ],
            [
              -68.8715,
              -33.0369
            ]
          ]
        ]
      },
      "properties": {
        "fid": 123,
        "padron": 42123,
        "nomenclatura": "06-01-02-01-03",
        "distrito": "MAYOR DRUMOND",
        "barrio_paraje": "Drumond - San Martín",
        "calle": "Calle A",
        "numero": 350,
        "superficie_m2": 12268,
        "zonificacion": "R2 - Residencial Mixta",
        "fos_max": 0.6,
        "fot_max": 1.2,
        "estado_edificacion": "Edificado",
        "servicios": "Agua potable, Cloacas, Red de Gas, Electricidad",
        "titularidad": "Privada Registrada",
        "fuente": "Dirección de Catastro Municipal - Luján de Cuyo",
        "val_fiscal": 1042780000
      }
    },
    {
      "type": "Feature",
      "id": "parcela.124",
      "geometry": {
        "type": "Polygon",
        "coordinates": [
          [
            [
              -68.8702,
              -33.0369
            ],
            [
              -68.8691,
              -33.0369
            ],
            [
              -68.8691,
              -33.036
            ],
            [
              -68.8702,
              -33.036
            ],
            [
              -68.8702,
              -33.0369
            ]
          ]
        ]
      },
      "properties": {
        "fid": 124,
        "padron": 42124,
        "nomenclatura": "06-01-02-01-04",
        "distrito": "MAYOR DRUMOND",
        "barrio_paraje": "Drumond - San Martín",
        "calle": "Calle A",
        "numero": 400,
        "superficie_m2": 12268,
        "zonificacion": "R2 - Residencial Mixta",
        "fos_max": 0.6,
        "fot_max": 1.2,
        "estado_edificacion": "Baldío",
        "servicios": "Agua potable, Cloacas, Red de Gas, Electricidad",
        "titularidad": "Privada Registrada",
        "fuente": "Dirección de Catastro Municipal - Luján de Cuyo",
        "val_fiscal": 1042780000
      }
    },
    {
      "type": "Feature",
      "id": "parcela.125",
      "geometry": {
        "type": "Polygon",
        "coordinates": [
          [
            [
              -68.868,
              -33.038
            ],
            [
              -68.8669,
              -33.038
            ],
            [
              -68.8669,
              -33.0371
            ],
            [
              -68.868,
              -33.0371
            ],
            [
              -68.868,
              -33.038
            ]
          ]
        ]
      },
      "properties": {
        "fid": 125,
        "padron": 42125,
        "nomenclatura": "06-01-02-02-01",
        "distrito": "MAYOR DRUMOND",
        "barrio_paraje": "Drumond - San Martín",
        "calle": "Calle B",
        "numero": 250,
        "superficie_m2": 12268,
        "zonificacion": "R2 - Residencial Mixta",
        "fos_max": 0.6,
        "fot_max": 1.2,
        "estado_edificacion": "Edificado",
        "servicios": "Agua potable, Cloacas, Red de Gas, Electricidad",
        "titularidad": "Privada Registrada",
        "fuente": "Dirección de Catastro Municipal - Luján de Cuyo",
        "val_fiscal": 1042780000
      }
    },
    {
      "type": "Feature",
      "id": "parcela.126",
      "geometry": {
        "type": "Polygon",
        "coordinates": [
          [
            [
              -68.8667,
              -33.038
            ],
            [
              -68.8656,
              -33.038
            ],
            [
              -68.8656,
              -33.0371
            ],
            [
              -68.8667,
              -33.0371
            ],
            [
              -68.8667,
              -33.038
            ]
          ]
        ]
      },
      "properties": {
        "fid": 126,
        "padron": 42126,
        "nomenclatura": "06-01-02-02-02",
        "distrito": "MAYOR DRUMOND",
        "barrio_paraje": "Drumond - San Martín",
        "calle": "Calle B",
        "numero": 300,
        "superficie_m2": 12268,
        "zonificacion": "R2 - Residencial Mixta",
        "fos_max": 0.6,
        "fot_max": 1.2,
        "estado_edificacion": "Edificado",
        "servicios": "Agua potable, Cloacas, Red de Gas, Electricidad",
        "titularidad": "Privada Registrada",
        "fuente": "Dirección de Catastro Municipal - Luján de Cuyo",
        "val_fiscal": 1042780000
      }
    },
    {
      "type": "Feature",
      "id": "parcela.127",
      "geometry": {
        "type": "Polygon",
        "coordinates": [
          [
            [
              -68.868,
              -33.0369
            ],
            [
              -68.8669,
              -33.0369
            ],
            [
              -68.8669,
              -33.036
            ],
            [
              -68.868,
              -33.036
            ],
            [
              -68.868,
              -33.0369
            ]
          ]
        ]
      },
      "properties": {
        "fid": 127,
        "padron": 42127,
        "nomenclatura": "06-01-02-02-03",
        "distrito": "MAYOR DRUMOND",
        "barrio_paraje": "Drumond - San Martín",
        "calle": "Calle B",
        "numero": 350,
        "superficie_m2": 12268,
        "zonificacion": "R2 - Residencial Mixta",
        "fos_max": 0.6,
        "fot_max": 1.2,
        "estado_edificacion": "Edificado",
        "servicios": "Agua potable, Cloacas, Red de Gas, Electricidad",
        "titularidad": "Privada Registrada",
        "fuente": "Dirección de Catastro Municipal - Luján de Cuyo",
        "val_fiscal": 1042780000
      }
    },
    {
      "type": "Feature",
      "id": "parcela.128",
      "geometry": {
        "type": "Polygon",
        "coordinates": [
          [
            [
              -68.8667,
              -33.0369
            ],
            [
              -68.8656,
              -33.0369
            ],
            [
              -68.8656,
              -33.036
            ],
            [
              -68.8667,
              -33.036
            ],
            [
              -68.8667,
              -33.0369
            ]
          ]
        ]
      },
      "properties": {
        "fid": 128,
        "padron": 42128,
        "nomenclatura": "06-01-02-02-04",
        "distrito": "MAYOR DRUMOND",
        "barrio_paraje": "Drumond - San Martín",
        "calle": "Calle B",
        "numero": 400,
        "superficie_m2": 12268,
        "zonificacion": "R2 - Residencial Mixta",
        "fos_max": 0.6,
        "fot_max": 1.2,
        "estado_edificacion": "Baldío",
        "servicios": "Agua potable, Cloacas, Red de Gas, Electricidad",
        "titularidad": "Privada Registrada",
        "fuente": "Dirección de Catastro Municipal - Luján de Cuyo",
        "val_fiscal": 1042780000
      }
    },
    {
      "type": "Feature",
      "id": "parcela.129",
      "geometry": {
        "type": "Polygon",
        "coordinates": [
          [
            [
              -68.8645,
              -33.038
            ],
            [
              -68.8634,
              -33.038
            ],
            [
              -68.8634,
              -33.0371
            ],
            [
              -68.8645,
              -33.0371
            ],
            [
              -68.8645,
              -33.038
            ]
          ]
        ]
      },
      "properties": {
        "fid": 129,
        "padron": 42129,
        "nomenclatura": "06-01-02-03-01",
        "distrito": "MAYOR DRUMOND",
        "barrio_paraje": "Drumond - San Martín",
        "calle": "Calle C",
        "numero": 250,
        "superficie_m2": 12268,
        "zonificacion": "R2 - Residencial Mixta",
        "fos_max": 0.6,
        "fot_max": 1.2,
        "estado_edificacion": "Edificado",
        "servicios": "Agua potable, Cloacas, Red de Gas, Electricidad",
        "titularidad": "Privada Registrada",
        "fuente": "Dirección de Catastro Municipal - Luján de Cuyo",
        "val_fiscal": 1042780000
      }
    },
    {
      "type": "Feature",
      "id": "parcela.130",
      "geometry": {
        "type": "Polygon",
        "coordinates": [
          [
            [
              -68.8632,
              -33.038
            ],
            [
              -68.8621,
              -33.038
            ],
            [
              -68.8621,
              -33.0371
            ],
            [
              -68.8632,
              -33.0371
            ],
            [
              -68.8632,
              -33.038
            ]
          ]
        ]
      },
      "properties": {
        "fid": 130,
        "padron": 42130,
        "nomenclatura": "06-01-02-03-02",
        "distrito": "MAYOR DRUMOND",
        "barrio_paraje": "Drumond - San Martín",
        "calle": "Calle C",
        "numero": 300,
        "superficie_m2": 12268,
        "zonificacion": "R2 - Residencial Mixta",
        "fos_max": 0.6,
        "fot_max": 1.2,
        "estado_edificacion": "Edificado",
        "servicios": "Agua potable, Cloacas, Red de Gas, Electricidad",
        "titularidad": "Privada Registrada",
        "fuente": "Dirección de Catastro Municipal - Luján de Cuyo",
        "val_fiscal": 1042780000
      }
    },
    {
      "type": "Feature",
      "id": "parcela.131",
      "geometry": {
        "type": "Polygon",
        "coordinates": [
          [
            [
              -68.8645,
              -33.0369
            ],
            [
              -68.8634,
              -33.0369
            ],
            [
              -68.8634,
              -33.036
            ],
            [
              -68.8645,
              -33.036
            ],
            [
              -68.8645,
              -33.0369
            ]
          ]
        ]
      },
      "properties": {
        "fid": 131,
        "padron": 42131,
        "nomenclatura": "06-01-02-03-03",
        "distrito": "MAYOR DRUMOND",
        "barrio_paraje": "Drumond - San Martín",
        "calle": "Calle C",
        "numero": 350,
        "superficie_m2": 12268,
        "zonificacion": "R2 - Residencial Mixta",
        "fos_max": 0.6,
        "fot_max": 1.2,
        "estado_edificacion": "Edificado",
        "servicios": "Agua potable, Cloacas, Red de Gas, Electricidad",
        "titularidad": "Privada Registrada",
        "fuente": "Dirección de Catastro Municipal - Luján de Cuyo",
        "val_fiscal": 1042780000
      }
    },
    {
      "type": "Feature",
      "id": "parcela.132",
      "geometry": {
        "type": "Polygon",
        "coordinates": [
          [
            [
              -68.8632,
              -33.0369
            ],
            [
              -68.8621,
              -33.0369
            ],
            [
              -68.8621,
              -33.036
            ],
            [
              -68.8632,
              -33.036
            ],
            [
              -68.8632,
              -33.0369
            ]
          ]
        ]
      },
      "properties": {
        "fid": 132,
        "padron": 42132,
        "nomenclatura": "06-01-02-03-04",
        "distrito": "MAYOR DRUMOND",
        "barrio_paraje": "Drumond - San Martín",
        "calle": "Calle C",
        "numero": 400,
        "superficie_m2": 12268,
        "zonificacion": "R2 - Residencial Mixta",
        "fos_max": 0.6,
        "fot_max": 1.2,
        "estado_edificacion": "Baldío",
        "servicios": "Agua potable, Cloacas, Red de Gas, Electricidad",
        "titularidad": "Privada Registrada",
        "fuente": "Dirección de Catastro Municipal - Luján de Cuyo",
        "val_fiscal": 1042780000
      }
    },
    {
      "type": "Feature",
      "id": "parcela.133",
      "geometry": {
        "type": "Polygon",
        "coordinates": [
          [
            [
              -68.8715,
              -33.035
            ],
            [
              -68.8704,
              -33.035
            ],
            [
              -68.8704,
              -33.0341
            ],
            [
              -68.8715,
              -33.0341
            ],
            [
              -68.8715,
              -33.035
            ]
          ]
        ]
      },
      "properties": {
        "fid": 133,
        "padron": 42133,
        "nomenclatura": "06-01-03-01-01",
        "distrito": "MAYOR DRUMOND",
        "barrio_paraje": "Drumond - San Martín",
        "calle": "Calle A",
        "numero": 350,
        "superficie_m2": 12268,
        "zonificacion": "R2 - Residencial Mixta",
        "fos_max": 0.6,
        "fot_max": 1.2,
        "estado_edificacion": "Edificado",
        "servicios": "Agua potable, Cloacas, Red de Gas, Electricidad",
        "titularidad": "Privada Registrada",
        "fuente": "Dirección de Catastro Municipal - Luján de Cuyo",
        "val_fiscal": 1042780000
      }
    },
    {
      "type": "Feature",
      "id": "parcela.134",
      "geometry": {
        "type": "Polygon",
        "coordinates": [
          [
            [
              -68.8702,
              -33.035
            ],
            [
              -68.8691,
              -33.035
            ],
            [
              -68.8691,
              -33.0341
            ],
            [
              -68.8702,
              -33.0341
            ],
            [
              -68.8702,
              -33.035
            ]
          ]
        ]
      },
      "properties": {
        "fid": 134,
        "padron": 42134,
        "nomenclatura": "06-01-03-01-02",
        "distrito": "MAYOR DRUMOND",
        "barrio_paraje": "Drumond - San Martín",
        "calle": "Calle A",
        "numero": 400,
        "superficie_m2": 12268,
        "zonificacion": "R2 - Residencial Mixta",
        "fos_max": 0.6,
        "fot_max": 1.2,
        "estado_edificacion": "Edificado",
        "servicios": "Agua potable, Cloacas, Red de Gas, Electricidad",
        "titularidad": "Privada Registrada",
        "fuente": "Dirección de Catastro Municipal - Luján de Cuyo",
        "val_fiscal": 1042780000
      }
    },
    {
      "type": "Feature",
      "id": "parcela.135",
      "geometry": {
        "type": "Polygon",
        "coordinates": [
          [
            [
              -68.8715,
              -33.0339
            ],
            [
              -68.8704,
              -33.0339
            ],
            [
              -68.8704,
              -33.033
            ],
            [
              -68.8715,
              -33.033
            ],
            [
              -68.8715,
              -33.0339
            ]
          ]
        ]
      },
      "properties": {
        "fid": 135,
        "padron": 42135,
        "nomenclatura": "06-01-03-01-03",
        "distrito": "MAYOR DRUMOND",
        "barrio_paraje": "Drumond - San Martín",
        "calle": "Calle A",
        "numero": 450,
        "superficie_m2": 12268,
        "zonificacion": "R2 - Residencial Mixta",
        "fos_max": 0.6,
        "fot_max": 1.2,
        "estado_edificacion": "Edificado",
        "servicios": "Agua potable, Cloacas, Red de Gas, Electricidad",
        "titularidad": "Privada Registrada",
        "fuente": "Dirección de Catastro Municipal - Luján de Cuyo",
        "val_fiscal": 1042780000
      }
    },
    {
      "type": "Feature",
      "id": "parcela.136",
      "geometry": {
        "type": "Polygon",
        "coordinates": [
          [
            [
              -68.8702,
              -33.0339
            ],
            [
              -68.8691,
              -33.0339
            ],
            [
              -68.8691,
              -33.033
            ],
            [
              -68.8702,
              -33.033
            ],
            [
              -68.8702,
              -33.0339
            ]
          ]
        ]
      },
      "properties": {
        "fid": 136,
        "padron": 42136,
        "nomenclatura": "06-01-03-01-04",
        "distrito": "MAYOR DRUMOND",
        "barrio_paraje": "Drumond - San Martín",
        "calle": "Calle A",
        "numero": 500,
        "superficie_m2": 12268,
        "zonificacion": "R2 - Residencial Mixta",
        "fos_max": 0.6,
        "fot_max": 1.2,
        "estado_edificacion": "Baldío",
        "servicios": "Agua potable, Cloacas, Red de Gas, Electricidad",
        "titularidad": "Privada Registrada",
        "fuente": "Dirección de Catastro Municipal - Luján de Cuyo",
        "val_fiscal": 1042780000
      }
    },
    {
      "type": "Feature",
      "id": "parcela.137",
      "geometry": {
        "type": "Polygon",
        "coordinates": [
          [
            [
              -68.868,
              -33.035
            ],
            [
              -68.8669,
              -33.035
            ],
            [
              -68.8669,
              -33.0341
            ],
            [
              -68.868,
              -33.0341
            ],
            [
              -68.868,
              -33.035
            ]
          ]
        ]
      },
      "properties": {
        "fid": 137,
        "padron": 42137,
        "nomenclatura": "06-01-03-02-01",
        "distrito": "MAYOR DRUMOND",
        "barrio_paraje": "Drumond - San Martín",
        "calle": "Calle B",
        "numero": 350,
        "superficie_m2": 12268,
        "zonificacion": "R2 - Residencial Mixta",
        "fos_max": 0.6,
        "fot_max": 1.2,
        "estado_edificacion": "Edificado",
        "servicios": "Agua potable, Cloacas, Red de Gas, Electricidad",
        "titularidad": "Privada Registrada",
        "fuente": "Dirección de Catastro Municipal - Luján de Cuyo",
        "val_fiscal": 1042780000
      }
    },
    {
      "type": "Feature",
      "id": "parcela.138",
      "geometry": {
        "type": "Polygon",
        "coordinates": [
          [
            [
              -68.8667,
              -33.035
            ],
            [
              -68.8656,
              -33.035
            ],
            [
              -68.8656,
              -33.0341
            ],
            [
              -68.8667,
              -33.0341
            ],
            [
              -68.8667,
              -33.035
            ]
          ]
        ]
      },
      "properties": {
        "fid": 138,
        "padron": 42138,
        "nomenclatura": "06-01-03-02-02",
        "distrito": "MAYOR DRUMOND",
        "barrio_paraje": "Drumond - San Martín",
        "calle": "Calle B",
        "numero": 400,
        "superficie_m2": 12268,
        "zonificacion": "R2 - Residencial Mixta",
        "fos_max": 0.6,
        "fot_max": 1.2,
        "estado_edificacion": "Edificado",
        "servicios": "Agua potable, Cloacas, Red de Gas, Electricidad",
        "titularidad": "Privada Registrada",
        "fuente": "Dirección de Catastro Municipal - Luján de Cuyo",
        "val_fiscal": 1042780000
      }
    },
    {
      "type": "Feature",
      "id": "parcela.139",
      "geometry": {
        "type": "Polygon",
        "coordinates": [
          [
            [
              -68.868,
              -33.0339
            ],
            [
              -68.8669,
              -33.0339
            ],
            [
              -68.8669,
              -33.033
            ],
            [
              -68.868,
              -33.033
            ],
            [
              -68.868,
              -33.0339
            ]
          ]
        ]
      },
      "properties": {
        "fid": 139,
        "padron": 42139,
        "nomenclatura": "06-01-03-02-03",
        "distrito": "MAYOR DRUMOND",
        "barrio_paraje": "Drumond - San Martín",
        "calle": "Calle B",
        "numero": 450,
        "superficie_m2": 12268,
        "zonificacion": "R2 - Residencial Mixta",
        "fos_max": 0.6,
        "fot_max": 1.2,
        "estado_edificacion": "Edificado",
        "servicios": "Agua potable, Cloacas, Red de Gas, Electricidad",
        "titularidad": "Privada Registrada",
        "fuente": "Dirección de Catastro Municipal - Luján de Cuyo",
        "val_fiscal": 1042780000
      }
    },
    {
      "type": "Feature",
      "id": "parcela.140",
      "geometry": {
        "type": "Polygon",
        "coordinates": [
          [
            [
              -68.8667,
              -33.0339
            ],
            [
              -68.8656,
              -33.0339
            ],
            [
              -68.8656,
              -33.033
            ],
            [
              -68.8667,
              -33.033
            ],
            [
              -68.8667,
              -33.0339
            ]
          ]
        ]
      },
      "properties": {
        "fid": 140,
        "padron": 42140,
        "nomenclatura": "06-01-03-02-04",
        "distrito": "MAYOR DRUMOND",
        "barrio_paraje": "Drumond - San Martín",
        "calle": "Calle B",
        "numero": 500,
        "superficie_m2": 12268,
        "zonificacion": "R2 - Residencial Mixta",
        "fos_max": 0.6,
        "fot_max": 1.2,
        "estado_edificacion": "Baldío",
        "servicios": "Agua potable, Cloacas, Red de Gas, Electricidad",
        "titularidad": "Privada Registrada",
        "fuente": "Dirección de Catastro Municipal - Luján de Cuyo",
        "val_fiscal": 1042780000
      }
    },
    {
      "type": "Feature",
      "id": "parcela.141",
      "geometry": {
        "type": "Polygon",
        "coordinates": [
          [
            [
              -68.8645,
              -33.035
            ],
            [
              -68.8634,
              -33.035
            ],
            [
              -68.8634,
              -33.0341
            ],
            [
              -68.8645,
              -33.0341
            ],
            [
              -68.8645,
              -33.035
            ]
          ]
        ]
      },
      "properties": {
        "fid": 141,
        "padron": 42141,
        "nomenclatura": "06-01-03-03-01",
        "distrito": "MAYOR DRUMOND",
        "barrio_paraje": "Drumond - San Martín",
        "calle": "Calle C",
        "numero": 350,
        "superficie_m2": 12268,
        "zonificacion": "R2 - Residencial Mixta",
        "fos_max": 0.6,
        "fot_max": 1.2,
        "estado_edificacion": "Edificado",
        "servicios": "Agua potable, Cloacas, Red de Gas, Electricidad",
        "titularidad": "Privada Registrada",
        "fuente": "Dirección de Catastro Municipal - Luján de Cuyo",
        "val_fiscal": 1042780000
      }
    },
    {
      "type": "Feature",
      "id": "parcela.142",
      "geometry": {
        "type": "Polygon",
        "coordinates": [
          [
            [
              -68.8632,
              -33.035
            ],
            [
              -68.8621,
              -33.035
            ],
            [
              -68.8621,
              -33.0341
            ],
            [
              -68.8632,
              -33.0341
            ],
            [
              -68.8632,
              -33.035
            ]
          ]
        ]
      },
      "properties": {
        "fid": 142,
        "padron": 42142,
        "nomenclatura": "06-01-03-03-02",
        "distrito": "MAYOR DRUMOND",
        "barrio_paraje": "Drumond - San Martín",
        "calle": "Calle C",
        "numero": 400,
        "superficie_m2": 12268,
        "zonificacion": "R2 - Residencial Mixta",
        "fos_max": 0.6,
        "fot_max": 1.2,
        "estado_edificacion": "Edificado",
        "servicios": "Agua potable, Cloacas, Red de Gas, Electricidad",
        "titularidad": "Privada Registrada",
        "fuente": "Dirección de Catastro Municipal - Luján de Cuyo",
        "val_fiscal": 1042780000
      }
    },
    {
      "type": "Feature",
      "id": "parcela.143",
      "geometry": {
        "type": "Polygon",
        "coordinates": [
          [
            [
              -68.8645,
              -33.0339
            ],
            [
              -68.8634,
              -33.0339
            ],
            [
              -68.8634,
              -33.033
            ],
            [
              -68.8645,
              -33.033
            ],
            [
              -68.8645,
              -33.0339
            ]
          ]
        ]
      },
      "properties": {
        "fid": 143,
        "padron": 42143,
        "nomenclatura": "06-01-03-03-03",
        "distrito": "MAYOR DRUMOND",
        "barrio_paraje": "Drumond - San Martín",
        "calle": "Calle C",
        "numero": 450,
        "superficie_m2": 12268,
        "zonificacion": "R2 - Residencial Mixta",
        "fos_max": 0.6,
        "fot_max": 1.2,
        "estado_edificacion": "Edificado",
        "servicios": "Agua potable, Cloacas, Red de Gas, Electricidad",
        "titularidad": "Privada Registrada",
        "fuente": "Dirección de Catastro Municipal - Luján de Cuyo",
        "val_fiscal": 1042780000
      }
    },
    {
      "type": "Feature",
      "id": "parcela.144",
      "geometry": {
        "type": "Polygon",
        "coordinates": [
          [
            [
              -68.8632,
              -33.0339
            ],
            [
              -68.8621,
              -33.0339
            ],
            [
              -68.8621,
              -33.033
            ],
            [
              -68.8632,
              -33.033
            ],
            [
              -68.8632,
              -33.0339
            ]
          ]
        ]
      },
      "properties": {
        "fid": 144,
        "padron": 42144,
        "nomenclatura": "06-01-03-03-04",
        "distrito": "MAYOR DRUMOND",
        "barrio_paraje": "Drumond - San Martín",
        "calle": "Calle C",
        "numero": 500,
        "superficie_m2": 12268,
        "zonificacion": "R2 - Residencial Mixta",
        "fos_max": 0.6,
        "fot_max": 1.2,
        "estado_edificacion": "Baldío",
        "servicios": "Agua potable, Cloacas, Red de Gas, Electricidad",
        "titularidad": "Privada Registrada",
        "fuente": "Dirección de Catastro Municipal - Luján de Cuyo",
        "val_fiscal": 1042780000
      }
    },
    {
      "type": "Feature",
      "id": "parcela.145",
      "geometry": {
        "type": "Polygon",
        "coordinates": [
          [
            [
              -68.8855,
              -33.091
            ],
            [
              -68.8844,
              -33.091
            ],
            [
              -68.8844,
              -33.0901
            ],
            [
              -68.8855,
              -33.0901
            ],
            [
              -68.8855,
              -33.091
            ]
          ]
        ]
      },
      "properties": {
        "fid": 145,
        "padron": 51145,
        "nomenclatura": "06-01-01-01-01",
        "distrito": "PERDRIEL",
        "barrio_paraje": "Perdriel - Ruta 15",
        "calle": "Calle A",
        "numero": 150,
        "superficie_m2": 12268,
        "zonificacion": "I1 - Industrial y Logística",
        "fos_max": 0.65,
        "fot_max": 1.0,
        "estado_edificacion": "Edificado",
        "servicios": "Agua potable, Cloacas, Red de Gas, Electricidad",
        "titularidad": "Privada Registrada",
        "fuente": "Dirección de Catastro Municipal - Luján de Cuyo",
        "val_fiscal": 1042780000
      }
    },
    {
      "type": "Feature",
      "id": "parcela.146",
      "geometry": {
        "type": "Polygon",
        "coordinates": [
          [
            [
              -68.8842,
              -33.091
            ],
            [
              -68.8831,
              -33.091
            ],
            [
              -68.8831,
              -33.0901
            ],
            [
              -68.8842,
              -33.0901
            ],
            [
              -68.8842,
              -33.091
            ]
          ]
        ]
      },
      "properties": {
        "fid": 146,
        "padron": 51146,
        "nomenclatura": "06-01-01-01-02",
        "distrito": "PERDRIEL",
        "barrio_paraje": "Perdriel - Ruta 15",
        "calle": "Calle A",
        "numero": 200,
        "superficie_m2": 12268,
        "zonificacion": "I1 - Industrial y Logística",
        "fos_max": 0.65,
        "fot_max": 1.0,
        "estado_edificacion": "Edificado",
        "servicios": "Agua potable, Cloacas, Red de Gas, Electricidad",
        "titularidad": "Privada Registrada",
        "fuente": "Dirección de Catastro Municipal - Luján de Cuyo",
        "val_fiscal": 1042780000
      }
    },
    {
      "type": "Feature",
      "id": "parcela.147",
      "geometry": {
        "type": "Polygon",
        "coordinates": [
          [
            [
              -68.8855,
              -33.0899
            ],
            [
              -68.8844,
              -33.0899
            ],
            [
              -68.8844,
              -33.089
            ],
            [
              -68.8855,
              -33.089
            ],
            [
              -68.8855,
              -33.0899
            ]
          ]
        ]
      },
      "properties": {
        "fid": 147,
        "padron": 51147,
        "nomenclatura": "06-01-01-01-03",
        "distrito": "PERDRIEL",
        "barrio_paraje": "Perdriel - Ruta 15",
        "calle": "Calle A",
        "numero": 250,
        "superficie_m2": 12268,
        "zonificacion": "I1 - Industrial y Logística",
        "fos_max": 0.65,
        "fot_max": 1.0,
        "estado_edificacion": "Edificado",
        "servicios": "Agua potable, Cloacas, Red de Gas, Electricidad",
        "titularidad": "Privada Registrada",
        "fuente": "Dirección de Catastro Municipal - Luján de Cuyo",
        "val_fiscal": 1042780000
      }
    },
    {
      "type": "Feature",
      "id": "parcela.148",
      "geometry": {
        "type": "Polygon",
        "coordinates": [
          [
            [
              -68.8842,
              -33.0899
            ],
            [
              -68.8831,
              -33.0899
            ],
            [
              -68.8831,
              -33.089
            ],
            [
              -68.8842,
              -33.089
            ],
            [
              -68.8842,
              -33.0899
            ]
          ]
        ]
      },
      "properties": {
        "fid": 148,
        "padron": 51148,
        "nomenclatura": "06-01-01-01-04",
        "distrito": "PERDRIEL",
        "barrio_paraje": "Perdriel - Ruta 15",
        "calle": "Calle A",
        "numero": 300,
        "superficie_m2": 12268,
        "zonificacion": "I1 - Industrial y Logística",
        "fos_max": 0.65,
        "fot_max": 1.0,
        "estado_edificacion": "Baldío",
        "servicios": "Agua potable, Cloacas, Red de Gas, Electricidad",
        "titularidad": "Privada Registrada",
        "fuente": "Dirección de Catastro Municipal - Luján de Cuyo",
        "val_fiscal": 1042780000
      }
    },
    {
      "type": "Feature",
      "id": "parcela.149",
      "geometry": {
        "type": "Polygon",
        "coordinates": [
          [
            [
              -68.882,
              -33.091
            ],
            [
              -68.8809,
              -33.091
            ],
            [
              -68.8809,
              -33.0901
            ],
            [
              -68.882,
              -33.0901
            ],
            [
              -68.882,
              -33.091
            ]
          ]
        ]
      },
      "properties": {
        "fid": 149,
        "padron": 51149,
        "nomenclatura": "06-01-01-02-01",
        "distrito": "PERDRIEL",
        "barrio_paraje": "Perdriel - Ruta 15",
        "calle": "Calle B",
        "numero": 150,
        "superficie_m2": 12268,
        "zonificacion": "I1 - Industrial y Logística",
        "fos_max": 0.65,
        "fot_max": 1.0,
        "estado_edificacion": "Edificado",
        "servicios": "Agua potable, Cloacas, Red de Gas, Electricidad",
        "titularidad": "Privada Registrada",
        "fuente": "Dirección de Catastro Municipal - Luján de Cuyo",
        "val_fiscal": 1042780000
      }
    },
    {
      "type": "Feature",
      "id": "parcela.150",
      "geometry": {
        "type": "Polygon",
        "coordinates": [
          [
            [
              -68.8807,
              -33.091
            ],
            [
              -68.8796,
              -33.091
            ],
            [
              -68.8796,
              -33.0901
            ],
            [
              -68.8807,
              -33.0901
            ],
            [
              -68.8807,
              -33.091
            ]
          ]
        ]
      },
      "properties": {
        "fid": 150,
        "padron": 51150,
        "nomenclatura": "06-01-01-02-02",
        "distrito": "PERDRIEL",
        "barrio_paraje": "Perdriel - Ruta 15",
        "calle": "Calle B",
        "numero": 200,
        "superficie_m2": 12268,
        "zonificacion": "I1 - Industrial y Logística",
        "fos_max": 0.65,
        "fot_max": 1.0,
        "estado_edificacion": "Edificado",
        "servicios": "Agua potable, Cloacas, Red de Gas, Electricidad",
        "titularidad": "Privada Registrada",
        "fuente": "Dirección de Catastro Municipal - Luján de Cuyo",
        "val_fiscal": 1042780000
      }
    },
    {
      "type": "Feature",
      "id": "parcela.151",
      "geometry": {
        "type": "Polygon",
        "coordinates": [
          [
            [
              -68.882,
              -33.0899
            ],
            [
              -68.8809,
              -33.0899
            ],
            [
              -68.8809,
              -33.089
            ],
            [
              -68.882,
              -33.089
            ],
            [
              -68.882,
              -33.0899
            ]
          ]
        ]
      },
      "properties": {
        "fid": 151,
        "padron": 51151,
        "nomenclatura": "06-01-01-02-03",
        "distrito": "PERDRIEL",
        "barrio_paraje": "Perdriel - Ruta 15",
        "calle": "Calle B",
        "numero": 250,
        "superficie_m2": 12268,
        "zonificacion": "I1 - Industrial y Logística",
        "fos_max": 0.65,
        "fot_max": 1.0,
        "estado_edificacion": "Edificado",
        "servicios": "Agua potable, Cloacas, Red de Gas, Electricidad",
        "titularidad": "Privada Registrada",
        "fuente": "Dirección de Catastro Municipal - Luján de Cuyo",
        "val_fiscal": 1042780000
      }
    },
    {
      "type": "Feature",
      "id": "parcela.152",
      "geometry": {
        "type": "Polygon",
        "coordinates": [
          [
            [
              -68.8807,
              -33.0899
            ],
            [
              -68.8796,
              -33.0899
            ],
            [
              -68.8796,
              -33.089
            ],
            [
              -68.8807,
              -33.089
            ],
            [
              -68.8807,
              -33.0899
            ]
          ]
        ]
      },
      "properties": {
        "fid": 152,
        "padron": 51152,
        "nomenclatura": "06-01-01-02-04",
        "distrito": "PERDRIEL",
        "barrio_paraje": "Perdriel - Ruta 15",
        "calle": "Calle B",
        "numero": 300,
        "superficie_m2": 12268,
        "zonificacion": "I1 - Industrial y Logística",
        "fos_max": 0.65,
        "fot_max": 1.0,
        "estado_edificacion": "Baldío",
        "servicios": "Agua potable, Cloacas, Red de Gas, Electricidad",
        "titularidad": "Privada Registrada",
        "fuente": "Dirección de Catastro Municipal - Luján de Cuyo",
        "val_fiscal": 1042780000
      }
    },
    {
      "type": "Feature",
      "id": "parcela.153",
      "geometry": {
        "type": "Polygon",
        "coordinates": [
          [
            [
              -68.8785,
              -33.091
            ],
            [
              -68.8774,
              -33.091
            ],
            [
              -68.8774,
              -33.0901
            ],
            [
              -68.8785,
              -33.0901
            ],
            [
              -68.8785,
              -33.091
            ]
          ]
        ]
      },
      "properties": {
        "fid": 153,
        "padron": 51153,
        "nomenclatura": "06-01-01-03-01",
        "distrito": "PERDRIEL",
        "barrio_paraje": "Perdriel - Ruta 15",
        "calle": "Calle C",
        "numero": 150,
        "superficie_m2": 12268,
        "zonificacion": "I1 - Industrial y Logística",
        "fos_max": 0.65,
        "fot_max": 1.0,
        "estado_edificacion": "Edificado",
        "servicios": "Agua potable, Cloacas, Red de Gas, Electricidad",
        "titularidad": "Privada Registrada",
        "fuente": "Dirección de Catastro Municipal - Luján de Cuyo",
        "val_fiscal": 1042780000
      }
    },
    {
      "type": "Feature",
      "id": "parcela.154",
      "geometry": {
        "type": "Polygon",
        "coordinates": [
          [
            [
              -68.8772,
              -33.091
            ],
            [
              -68.8761,
              -33.091
            ],
            [
              -68.8761,
              -33.0901
            ],
            [
              -68.8772,
              -33.0901
            ],
            [
              -68.8772,
              -33.091
            ]
          ]
        ]
      },
      "properties": {
        "fid": 154,
        "padron": 51154,
        "nomenclatura": "06-01-01-03-02",
        "distrito": "PERDRIEL",
        "barrio_paraje": "Perdriel - Ruta 15",
        "calle": "Calle C",
        "numero": 200,
        "superficie_m2": 12268,
        "zonificacion": "I1 - Industrial y Logística",
        "fos_max": 0.65,
        "fot_max": 1.0,
        "estado_edificacion": "Edificado",
        "servicios": "Agua potable, Cloacas, Red de Gas, Electricidad",
        "titularidad": "Privada Registrada",
        "fuente": "Dirección de Catastro Municipal - Luján de Cuyo",
        "val_fiscal": 1042780000
      }
    },
    {
      "type": "Feature",
      "id": "parcela.155",
      "geometry": {
        "type": "Polygon",
        "coordinates": [
          [
            [
              -68.8785,
              -33.0899
            ],
            [
              -68.8774,
              -33.0899
            ],
            [
              -68.8774,
              -33.089
            ],
            [
              -68.8785,
              -33.089
            ],
            [
              -68.8785,
              -33.0899
            ]
          ]
        ]
      },
      "properties": {
        "fid": 155,
        "padron": 51155,
        "nomenclatura": "06-01-01-03-03",
        "distrito": "PERDRIEL",
        "barrio_paraje": "Perdriel - Ruta 15",
        "calle": "Calle C",
        "numero": 250,
        "superficie_m2": 12268,
        "zonificacion": "I1 - Industrial y Logística",
        "fos_max": 0.65,
        "fot_max": 1.0,
        "estado_edificacion": "Edificado",
        "servicios": "Agua potable, Cloacas, Red de Gas, Electricidad",
        "titularidad": "Privada Registrada",
        "fuente": "Dirección de Catastro Municipal - Luján de Cuyo",
        "val_fiscal": 1042780000
      }
    },
    {
      "type": "Feature",
      "id": "parcela.156",
      "geometry": {
        "type": "Polygon",
        "coordinates": [
          [
            [
              -68.8772,
              -33.0899
            ],
            [
              -68.8761,
              -33.0899
            ],
            [
              -68.8761,
              -33.089
            ],
            [
              -68.8772,
              -33.089
            ],
            [
              -68.8772,
              -33.0899
            ]
          ]
        ]
      },
      "properties": {
        "fid": 156,
        "padron": 51156,
        "nomenclatura": "06-01-01-03-04",
        "distrito": "PERDRIEL",
        "barrio_paraje": "Perdriel - Ruta 15",
        "calle": "Calle C",
        "numero": 300,
        "superficie_m2": 12268,
        "zonificacion": "I1 - Industrial y Logística",
        "fos_max": 0.65,
        "fot_max": 1.0,
        "estado_edificacion": "Baldío",
        "servicios": "Agua potable, Cloacas, Red de Gas, Electricidad",
        "titularidad": "Privada Registrada",
        "fuente": "Dirección de Catastro Municipal - Luján de Cuyo",
        "val_fiscal": 1042780000
      }
    },
    {
      "type": "Feature",
      "id": "parcela.157",
      "geometry": {
        "type": "Polygon",
        "coordinates": [
          [
            [
              -68.8855,
              -33.088
            ],
            [
              -68.8844,
              -33.088
            ],
            [
              -68.8844,
              -33.0871
            ],
            [
              -68.8855,
              -33.0871
            ],
            [
              -68.8855,
              -33.088
            ]
          ]
        ]
      },
      "properties": {
        "fid": 157,
        "padron": 51157,
        "nomenclatura": "06-01-02-01-01",
        "distrito": "PERDRIEL",
        "barrio_paraje": "Perdriel - Ruta 15",
        "calle": "Calle A",
        "numero": 250,
        "superficie_m2": 12268,
        "zonificacion": "I1 - Industrial y Logística",
        "fos_max": 0.65,
        "fot_max": 1.0,
        "estado_edificacion": "Edificado",
        "servicios": "Agua potable, Cloacas, Red de Gas, Electricidad",
        "titularidad": "Privada Registrada",
        "fuente": "Dirección de Catastro Municipal - Luján de Cuyo",
        "val_fiscal": 1042780000
      }
    },
    {
      "type": "Feature",
      "id": "parcela.158",
      "geometry": {
        "type": "Polygon",
        "coordinates": [
          [
            [
              -68.8842,
              -33.088
            ],
            [
              -68.8831,
              -33.088
            ],
            [
              -68.8831,
              -33.0871
            ],
            [
              -68.8842,
              -33.0871
            ],
            [
              -68.8842,
              -33.088
            ]
          ]
        ]
      },
      "properties": {
        "fid": 158,
        "padron": 51158,
        "nomenclatura": "06-01-02-01-02",
        "distrito": "PERDRIEL",
        "barrio_paraje": "Perdriel - Ruta 15",
        "calle": "Calle A",
        "numero": 300,
        "superficie_m2": 12268,
        "zonificacion": "I1 - Industrial y Logística",
        "fos_max": 0.65,
        "fot_max": 1.0,
        "estado_edificacion": "Edificado",
        "servicios": "Agua potable, Cloacas, Red de Gas, Electricidad",
        "titularidad": "Privada Registrada",
        "fuente": "Dirección de Catastro Municipal - Luján de Cuyo",
        "val_fiscal": 1042780000
      }
    },
    {
      "type": "Feature",
      "id": "parcela.159",
      "geometry": {
        "type": "Polygon",
        "coordinates": [
          [
            [
              -68.8855,
              -33.0869
            ],
            [
              -68.8844,
              -33.0869
            ],
            [
              -68.8844,
              -33.086
            ],
            [
              -68.8855,
              -33.086
            ],
            [
              -68.8855,
              -33.0869
            ]
          ]
        ]
      },
      "properties": {
        "fid": 159,
        "padron": 51159,
        "nomenclatura": "06-01-02-01-03",
        "distrito": "PERDRIEL",
        "barrio_paraje": "Perdriel - Ruta 15",
        "calle": "Calle A",
        "numero": 350,
        "superficie_m2": 12268,
        "zonificacion": "I1 - Industrial y Logística",
        "fos_max": 0.65,
        "fot_max": 1.0,
        "estado_edificacion": "Edificado",
        "servicios": "Agua potable, Cloacas, Red de Gas, Electricidad",
        "titularidad": "Privada Registrada",
        "fuente": "Dirección de Catastro Municipal - Luján de Cuyo",
        "val_fiscal": 1042780000
      }
    },
    {
      "type": "Feature",
      "id": "parcela.160",
      "geometry": {
        "type": "Polygon",
        "coordinates": [
          [
            [
              -68.8842,
              -33.0869
            ],
            [
              -68.8831,
              -33.0869
            ],
            [
              -68.8831,
              -33.086
            ],
            [
              -68.8842,
              -33.086
            ],
            [
              -68.8842,
              -33.0869
            ]
          ]
        ]
      },
      "properties": {
        "fid": 160,
        "padron": 51160,
        "nomenclatura": "06-01-02-01-04",
        "distrito": "PERDRIEL",
        "barrio_paraje": "Perdriel - Ruta 15",
        "calle": "Calle A",
        "numero": 400,
        "superficie_m2": 12268,
        "zonificacion": "I1 - Industrial y Logística",
        "fos_max": 0.65,
        "fot_max": 1.0,
        "estado_edificacion": "Baldío",
        "servicios": "Agua potable, Cloacas, Red de Gas, Electricidad",
        "titularidad": "Privada Registrada",
        "fuente": "Dirección de Catastro Municipal - Luján de Cuyo",
        "val_fiscal": 1042780000
      }
    },
    {
      "type": "Feature",
      "id": "parcela.161",
      "geometry": {
        "type": "Polygon",
        "coordinates": [
          [
            [
              -68.882,
              -33.088
            ],
            [
              -68.8809,
              -33.088
            ],
            [
              -68.8809,
              -33.0871
            ],
            [
              -68.882,
              -33.0871
            ],
            [
              -68.882,
              -33.088
            ]
          ]
        ]
      },
      "properties": {
        "fid": 161,
        "padron": 51161,
        "nomenclatura": "06-01-02-02-01",
        "distrito": "PERDRIEL",
        "barrio_paraje": "Perdriel - Ruta 15",
        "calle": "Calle B",
        "numero": 250,
        "superficie_m2": 12268,
        "zonificacion": "I1 - Industrial y Logística",
        "fos_max": 0.65,
        "fot_max": 1.0,
        "estado_edificacion": "Edificado",
        "servicios": "Agua potable, Cloacas, Red de Gas, Electricidad",
        "titularidad": "Privada Registrada",
        "fuente": "Dirección de Catastro Municipal - Luján de Cuyo",
        "val_fiscal": 1042780000
      }
    },
    {
      "type": "Feature",
      "id": "parcela.162",
      "geometry": {
        "type": "Polygon",
        "coordinates": [
          [
            [
              -68.8807,
              -33.088
            ],
            [
              -68.8796,
              -33.088
            ],
            [
              -68.8796,
              -33.0871
            ],
            [
              -68.8807,
              -33.0871
            ],
            [
              -68.8807,
              -33.088
            ]
          ]
        ]
      },
      "properties": {
        "fid": 162,
        "padron": 51162,
        "nomenclatura": "06-01-02-02-02",
        "distrito": "PERDRIEL",
        "barrio_paraje": "Perdriel - Ruta 15",
        "calle": "Calle B",
        "numero": 300,
        "superficie_m2": 12268,
        "zonificacion": "I1 - Industrial y Logística",
        "fos_max": 0.65,
        "fot_max": 1.0,
        "estado_edificacion": "Edificado",
        "servicios": "Agua potable, Cloacas, Red de Gas, Electricidad",
        "titularidad": "Privada Registrada",
        "fuente": "Dirección de Catastro Municipal - Luján de Cuyo",
        "val_fiscal": 1042780000
      }
    },
    {
      "type": "Feature",
      "id": "parcela.163",
      "geometry": {
        "type": "Polygon",
        "coordinates": [
          [
            [
              -68.882,
              -33.0869
            ],
            [
              -68.8809,
              -33.0869
            ],
            [
              -68.8809,
              -33.086
            ],
            [
              -68.882,
              -33.086
            ],
            [
              -68.882,
              -33.0869
            ]
          ]
        ]
      },
      "properties": {
        "fid": 163,
        "padron": 51163,
        "nomenclatura": "06-01-02-02-03",
        "distrito": "PERDRIEL",
        "barrio_paraje": "Perdriel - Ruta 15",
        "calle": "Calle B",
        "numero": 350,
        "superficie_m2": 12268,
        "zonificacion": "I1 - Industrial y Logística",
        "fos_max": 0.65,
        "fot_max": 1.0,
        "estado_edificacion": "Edificado",
        "servicios": "Agua potable, Cloacas, Red de Gas, Electricidad",
        "titularidad": "Privada Registrada",
        "fuente": "Dirección de Catastro Municipal - Luján de Cuyo",
        "val_fiscal": 1042780000
      }
    },
    {
      "type": "Feature",
      "id": "parcela.164",
      "geometry": {
        "type": "Polygon",
        "coordinates": [
          [
            [
              -68.8807,
              -33.0869
            ],
            [
              -68.8796,
              -33.0869
            ],
            [
              -68.8796,
              -33.086
            ],
            [
              -68.8807,
              -33.086
            ],
            [
              -68.8807,
              -33.0869
            ]
          ]
        ]
      },
      "properties": {
        "fid": 164,
        "padron": 51164,
        "nomenclatura": "06-01-02-02-04",
        "distrito": "PERDRIEL",
        "barrio_paraje": "Perdriel - Ruta 15",
        "calle": "Calle B",
        "numero": 400,
        "superficie_m2": 12268,
        "zonificacion": "I1 - Industrial y Logística",
        "fos_max": 0.65,
        "fot_max": 1.0,
        "estado_edificacion": "Baldío",
        "servicios": "Agua potable, Cloacas, Red de Gas, Electricidad",
        "titularidad": "Privada Registrada",
        "fuente": "Dirección de Catastro Municipal - Luján de Cuyo",
        "val_fiscal": 1042780000
      }
    },
    {
      "type": "Feature",
      "id": "parcela.165",
      "geometry": {
        "type": "Polygon",
        "coordinates": [
          [
            [
              -68.8785,
              -33.088
            ],
            [
              -68.8774,
              -33.088
            ],
            [
              -68.8774,
              -33.0871
            ],
            [
              -68.8785,
              -33.0871
            ],
            [
              -68.8785,
              -33.088
            ]
          ]
        ]
      },
      "properties": {
        "fid": 165,
        "padron": 51165,
        "nomenclatura": "06-01-02-03-01",
        "distrito": "PERDRIEL",
        "barrio_paraje": "Perdriel - Ruta 15",
        "calle": "Calle C",
        "numero": 250,
        "superficie_m2": 12268,
        "zonificacion": "I1 - Industrial y Logística",
        "fos_max": 0.65,
        "fot_max": 1.0,
        "estado_edificacion": "Edificado",
        "servicios": "Agua potable, Cloacas, Red de Gas, Electricidad",
        "titularidad": "Privada Registrada",
        "fuente": "Dirección de Catastro Municipal - Luján de Cuyo",
        "val_fiscal": 1042780000
      }
    },
    {
      "type": "Feature",
      "id": "parcela.166",
      "geometry": {
        "type": "Polygon",
        "coordinates": [
          [
            [
              -68.8772,
              -33.088
            ],
            [
              -68.8761,
              -33.088
            ],
            [
              -68.8761,
              -33.0871
            ],
            [
              -68.8772,
              -33.0871
            ],
            [
              -68.8772,
              -33.088
            ]
          ]
        ]
      },
      "properties": {
        "fid": 166,
        "padron": 51166,
        "nomenclatura": "06-01-02-03-02",
        "distrito": "PERDRIEL",
        "barrio_paraje": "Perdriel - Ruta 15",
        "calle": "Calle C",
        "numero": 300,
        "superficie_m2": 12268,
        "zonificacion": "I1 - Industrial y Logística",
        "fos_max": 0.65,
        "fot_max": 1.0,
        "estado_edificacion": "Edificado",
        "servicios": "Agua potable, Cloacas, Red de Gas, Electricidad",
        "titularidad": "Privada Registrada",
        "fuente": "Dirección de Catastro Municipal - Luján de Cuyo",
        "val_fiscal": 1042780000
      }
    },
    {
      "type": "Feature",
      "id": "parcela.167",
      "geometry": {
        "type": "Polygon",
        "coordinates": [
          [
            [
              -68.8785,
              -33.0869
            ],
            [
              -68.8774,
              -33.0869
            ],
            [
              -68.8774,
              -33.086
            ],
            [
              -68.8785,
              -33.086
            ],
            [
              -68.8785,
              -33.0869
            ]
          ]
        ]
      },
      "properties": {
        "fid": 167,
        "padron": 51167,
        "nomenclatura": "06-01-02-03-03",
        "distrito": "PERDRIEL",
        "barrio_paraje": "Perdriel - Ruta 15",
        "calle": "Calle C",
        "numero": 350,
        "superficie_m2": 12268,
        "zonificacion": "I1 - Industrial y Logística",
        "fos_max": 0.65,
        "fot_max": 1.0,
        "estado_edificacion": "Edificado",
        "servicios": "Agua potable, Cloacas, Red de Gas, Electricidad",
        "titularidad": "Privada Registrada",
        "fuente": "Dirección de Catastro Municipal - Luján de Cuyo",
        "val_fiscal": 1042780000
      }
    },
    {
      "type": "Feature",
      "id": "parcela.168",
      "geometry": {
        "type": "Polygon",
        "coordinates": [
          [
            [
              -68.8772,
              -33.0869
            ],
            [
              -68.8761,
              -33.0869
            ],
            [
              -68.8761,
              -33.086
            ],
            [
              -68.8772,
              -33.086
            ],
            [
              -68.8772,
              -33.0869
            ]
          ]
        ]
      },
      "properties": {
        "fid": 168,
        "padron": 51168,
        "nomenclatura": "06-01-02-03-04",
        "distrito": "PERDRIEL",
        "barrio_paraje": "Perdriel - Ruta 15",
        "calle": "Calle C",
        "numero": 400,
        "superficie_m2": 12268,
        "zonificacion": "I1 - Industrial y Logística",
        "fos_max": 0.65,
        "fot_max": 1.0,
        "estado_edificacion": "Baldío",
        "servicios": "Agua potable, Cloacas, Red de Gas, Electricidad",
        "titularidad": "Privada Registrada",
        "fuente": "Dirección de Catastro Municipal - Luján de Cuyo",
        "val_fiscal": 1042780000
      }
    },
    {
      "type": "Feature",
      "id": "parcela.169",
      "geometry": {
        "type": "Polygon",
        "coordinates": [
          [
            [
              -68.8855,
              -33.085
            ],
            [
              -68.8844,
              -33.085
            ],
            [
              -68.8844,
              -33.0841
            ],
            [
              -68.8855,
              -33.0841
            ],
            [
              -68.8855,
              -33.085
            ]
          ]
        ]
      },
      "properties": {
        "fid": 169,
        "padron": 51169,
        "nomenclatura": "06-01-03-01-01",
        "distrito": "PERDRIEL",
        "barrio_paraje": "Perdriel - Ruta 15",
        "calle": "Calle A",
        "numero": 350,
        "superficie_m2": 12268,
        "zonificacion": "I1 - Industrial y Logística",
        "fos_max": 0.65,
        "fot_max": 1.0,
        "estado_edificacion": "Edificado",
        "servicios": "Agua potable, Cloacas, Red de Gas, Electricidad",
        "titularidad": "Privada Registrada",
        "fuente": "Dirección de Catastro Municipal - Luján de Cuyo",
        "val_fiscal": 1042780000
      }
    },
    {
      "type": "Feature",
      "id": "parcela.170",
      "geometry": {
        "type": "Polygon",
        "coordinates": [
          [
            [
              -68.8842,
              -33.085
            ],
            [
              -68.8831,
              -33.085
            ],
            [
              -68.8831,
              -33.0841
            ],
            [
              -68.8842,
              -33.0841
            ],
            [
              -68.8842,
              -33.085
            ]
          ]
        ]
      },
      "properties": {
        "fid": 170,
        "padron": 51170,
        "nomenclatura": "06-01-03-01-02",
        "distrito": "PERDRIEL",
        "barrio_paraje": "Perdriel - Ruta 15",
        "calle": "Calle A",
        "numero": 400,
        "superficie_m2": 12268,
        "zonificacion": "I1 - Industrial y Logística",
        "fos_max": 0.65,
        "fot_max": 1.0,
        "estado_edificacion": "Edificado",
        "servicios": "Agua potable, Cloacas, Red de Gas, Electricidad",
        "titularidad": "Privada Registrada",
        "fuente": "Dirección de Catastro Municipal - Luján de Cuyo",
        "val_fiscal": 1042780000
      }
    },
    {
      "type": "Feature",
      "id": "parcela.171",
      "geometry": {
        "type": "Polygon",
        "coordinates": [
          [
            [
              -68.8855,
              -33.0839
            ],
            [
              -68.8844,
              -33.0839
            ],
            [
              -68.8844,
              -33.083
            ],
            [
              -68.8855,
              -33.083
            ],
            [
              -68.8855,
              -33.0839
            ]
          ]
        ]
      },
      "properties": {
        "fid": 171,
        "padron": 51171,
        "nomenclatura": "06-01-03-01-03",
        "distrito": "PERDRIEL",
        "barrio_paraje": "Perdriel - Ruta 15",
        "calle": "Calle A",
        "numero": 450,
        "superficie_m2": 12268,
        "zonificacion": "I1 - Industrial y Logística",
        "fos_max": 0.65,
        "fot_max": 1.0,
        "estado_edificacion": "Edificado",
        "servicios": "Agua potable, Cloacas, Red de Gas, Electricidad",
        "titularidad": "Privada Registrada",
        "fuente": "Dirección de Catastro Municipal - Luján de Cuyo",
        "val_fiscal": 1042780000
      }
    },
    {
      "type": "Feature",
      "id": "parcela.172",
      "geometry": {
        "type": "Polygon",
        "coordinates": [
          [
            [
              -68.8842,
              -33.0839
            ],
            [
              -68.8831,
              -33.0839
            ],
            [
              -68.8831,
              -33.083
            ],
            [
              -68.8842,
              -33.083
            ],
            [
              -68.8842,
              -33.0839
            ]
          ]
        ]
      },
      "properties": {
        "fid": 172,
        "padron": 51172,
        "nomenclatura": "06-01-03-01-04",
        "distrito": "PERDRIEL",
        "barrio_paraje": "Perdriel - Ruta 15",
        "calle": "Calle A",
        "numero": 500,
        "superficie_m2": 12268,
        "zonificacion": "I1 - Industrial y Logística",
        "fos_max": 0.65,
        "fot_max": 1.0,
        "estado_edificacion": "Baldío",
        "servicios": "Agua potable, Cloacas, Red de Gas, Electricidad",
        "titularidad": "Privada Registrada",
        "fuente": "Dirección de Catastro Municipal - Luján de Cuyo",
        "val_fiscal": 1042780000
      }
    },
    {
      "type": "Feature",
      "id": "parcela.173",
      "geometry": {
        "type": "Polygon",
        "coordinates": [
          [
            [
              -68.882,
              -33.085
            ],
            [
              -68.8809,
              -33.085
            ],
            [
              -68.8809,
              -33.0841
            ],
            [
              -68.882,
              -33.0841
            ],
            [
              -68.882,
              -33.085
            ]
          ]
        ]
      },
      "properties": {
        "fid": 173,
        "padron": 51173,
        "nomenclatura": "06-01-03-02-01",
        "distrito": "PERDRIEL",
        "barrio_paraje": "Perdriel - Ruta 15",
        "calle": "Calle B",
        "numero": 350,
        "superficie_m2": 12268,
        "zonificacion": "I1 - Industrial y Logística",
        "fos_max": 0.65,
        "fot_max": 1.0,
        "estado_edificacion": "Edificado",
        "servicios": "Agua potable, Cloacas, Red de Gas, Electricidad",
        "titularidad": "Privada Registrada",
        "fuente": "Dirección de Catastro Municipal - Luján de Cuyo",
        "val_fiscal": 1042780000
      }
    },
    {
      "type": "Feature",
      "id": "parcela.174",
      "geometry": {
        "type": "Polygon",
        "coordinates": [
          [
            [
              -68.8807,
              -33.085
            ],
            [
              -68.8796,
              -33.085
            ],
            [
              -68.8796,
              -33.0841
            ],
            [
              -68.8807,
              -33.0841
            ],
            [
              -68.8807,
              -33.085
            ]
          ]
        ]
      },
      "properties": {
        "fid": 174,
        "padron": 51174,
        "nomenclatura": "06-01-03-02-02",
        "distrito": "PERDRIEL",
        "barrio_paraje": "Perdriel - Ruta 15",
        "calle": "Calle B",
        "numero": 400,
        "superficie_m2": 12268,
        "zonificacion": "I1 - Industrial y Logística",
        "fos_max": 0.65,
        "fot_max": 1.0,
        "estado_edificacion": "Edificado",
        "servicios": "Agua potable, Cloacas, Red de Gas, Electricidad",
        "titularidad": "Privada Registrada",
        "fuente": "Dirección de Catastro Municipal - Luján de Cuyo",
        "val_fiscal": 1042780000
      }
    },
    {
      "type": "Feature",
      "id": "parcela.175",
      "geometry": {
        "type": "Polygon",
        "coordinates": [
          [
            [
              -68.882,
              -33.0839
            ],
            [
              -68.8809,
              -33.0839
            ],
            [
              -68.8809,
              -33.083
            ],
            [
              -68.882,
              -33.083
            ],
            [
              -68.882,
              -33.0839
            ]
          ]
        ]
      },
      "properties": {
        "fid": 175,
        "padron": 51175,
        "nomenclatura": "06-01-03-02-03",
        "distrito": "PERDRIEL",
        "barrio_paraje": "Perdriel - Ruta 15",
        "calle": "Calle B",
        "numero": 450,
        "superficie_m2": 12268,
        "zonificacion": "I1 - Industrial y Logística",
        "fos_max": 0.65,
        "fot_max": 1.0,
        "estado_edificacion": "Edificado",
        "servicios": "Agua potable, Cloacas, Red de Gas, Electricidad",
        "titularidad": "Privada Registrada",
        "fuente": "Dirección de Catastro Municipal - Luján de Cuyo",
        "val_fiscal": 1042780000
      }
    },
    {
      "type": "Feature",
      "id": "parcela.176",
      "geometry": {
        "type": "Polygon",
        "coordinates": [
          [
            [
              -68.8807,
              -33.0839
            ],
            [
              -68.8796,
              -33.0839
            ],
            [
              -68.8796,
              -33.083
            ],
            [
              -68.8807,
              -33.083
            ],
            [
              -68.8807,
              -33.0839
            ]
          ]
        ]
      },
      "properties": {
        "fid": 176,
        "padron": 51176,
        "nomenclatura": "06-01-03-02-04",
        "distrito": "PERDRIEL",
        "barrio_paraje": "Perdriel - Ruta 15",
        "calle": "Calle B",
        "numero": 500,
        "superficie_m2": 12268,
        "zonificacion": "I1 - Industrial y Logística",
        "fos_max": 0.65,
        "fot_max": 1.0,
        "estado_edificacion": "Baldío",
        "servicios": "Agua potable, Cloacas, Red de Gas, Electricidad",
        "titularidad": "Privada Registrada",
        "fuente": "Dirección de Catastro Municipal - Luján de Cuyo",
        "val_fiscal": 1042780000
      }
    },
    {
      "type": "Feature",
      "id": "parcela.177",
      "geometry": {
        "type": "Polygon",
        "coordinates": [
          [
            [
              -68.8785,
              -33.085
            ],
            [
              -68.8774,
              -33.085
            ],
            [
              -68.8774,
              -33.0841
            ],
            [
              -68.8785,
              -33.0841
            ],
            [
              -68.8785,
              -33.085
            ]
          ]
        ]
      },
      "properties": {
        "fid": 177,
        "padron": 51177,
        "nomenclatura": "06-01-03-03-01",
        "distrito": "PERDRIEL",
        "barrio_paraje": "Perdriel - Ruta 15",
        "calle": "Calle C",
        "numero": 350,
        "superficie_m2": 12268,
        "zonificacion": "I1 - Industrial y Logística",
        "fos_max": 0.65,
        "fot_max": 1.0,
        "estado_edificacion": "Edificado",
        "servicios": "Agua potable, Cloacas, Red de Gas, Electricidad",
        "titularidad": "Privada Registrada",
        "fuente": "Dirección de Catastro Municipal - Luján de Cuyo",
        "val_fiscal": 1042780000
      }
    },
    {
      "type": "Feature",
      "id": "parcela.178",
      "geometry": {
        "type": "Polygon",
        "coordinates": [
          [
            [
              -68.8772,
              -33.085
            ],
            [
              -68.8761,
              -33.085
            ],
            [
              -68.8761,
              -33.0841
            ],
            [
              -68.8772,
              -33.0841
            ],
            [
              -68.8772,
              -33.085
            ]
          ]
        ]
      },
      "properties": {
        "fid": 178,
        "padron": 51178,
        "nomenclatura": "06-01-03-03-02",
        "distrito": "PERDRIEL",
        "barrio_paraje": "Perdriel - Ruta 15",
        "calle": "Calle C",
        "numero": 400,
        "superficie_m2": 12268,
        "zonificacion": "I1 - Industrial y Logística",
        "fos_max": 0.65,
        "fot_max": 1.0,
        "estado_edificacion": "Edificado",
        "servicios": "Agua potable, Cloacas, Red de Gas, Electricidad",
        "titularidad": "Privada Registrada",
        "fuente": "Dirección de Catastro Municipal - Luján de Cuyo",
        "val_fiscal": 1042780000
      }
    },
    {
      "type": "Feature",
      "id": "parcela.179",
      "geometry": {
        "type": "Polygon",
        "coordinates": [
          [
            [
              -68.8785,
              -33.0839
            ],
            [
              -68.8774,
              -33.0839
            ],
            [
              -68.8774,
              -33.083
            ],
            [
              -68.8785,
              -33.083
            ],
            [
              -68.8785,
              -33.0839
            ]
          ]
        ]
      },
      "properties": {
        "fid": 179,
        "padron": 51179,
        "nomenclatura": "06-01-03-03-03",
        "distrito": "PERDRIEL",
        "barrio_paraje": "Perdriel - Ruta 15",
        "calle": "Calle C",
        "numero": 450,
        "superficie_m2": 12268,
        "zonificacion": "I1 - Industrial y Logística",
        "fos_max": 0.65,
        "fot_max": 1.0,
        "estado_edificacion": "Edificado",
        "servicios": "Agua potable, Cloacas, Red de Gas, Electricidad",
        "titularidad": "Privada Registrada",
        "fuente": "Dirección de Catastro Municipal - Luján de Cuyo",
        "val_fiscal": 1042780000
      }
    },
    {
      "type": "Feature",
      "id": "parcela.180",
      "geometry": {
        "type": "Polygon",
        "coordinates": [
          [
            [
              -68.8772,
              -33.0839
            ],
            [
              -68.8761,
              -33.0839
            ],
            [
              -68.8761,
              -33.083
            ],
            [
              -68.8772,
              -33.083
            ],
            [
              -68.8772,
              -33.0839
            ]
          ]
        ]
      },
      "properties": {
        "fid": 180,
        "padron": 51180,
        "nomenclatura": "06-01-03-03-04",
        "distrito": "PERDRIEL",
        "barrio_paraje": "Perdriel - Ruta 15",
        "calle": "Calle C",
        "numero": 500,
        "superficie_m2": 12268,
        "zonificacion": "I1 - Industrial y Logística",
        "fos_max": 0.65,
        "fot_max": 1.0,
        "estado_edificacion": "Baldío",
        "servicios": "Agua potable, Cloacas, Red de Gas, Electricidad",
        "titularidad": "Privada Registrada",
        "fuente": "Dirección de Catastro Municipal - Luján de Cuyo",
        "val_fiscal": 1042780000
      }
    },
    {
      "type": "Feature",
      "id": "parcela.181",
      "geometry": {
        "type": "Polygon",
        "coordinates": [
          [
            [
              -68.9085,
              -33.024
            ],
            [
              -68.9074,
              -33.024
            ],
            [
              -68.9074,
              -33.0231
            ],
            [
              -68.9085,
              -33.0231
            ],
            [
              -68.9085,
              -33.024
            ]
          ]
        ]
      },
      "properties": {
        "fid": 181,
        "padron": 65181,
        "nomenclatura": "06-01-01-01-01",
        "distrito": "VISTALBA",
        "barrio_paraje": "Vistalba - Guardia Vieja",
        "calle": "Calle A",
        "numero": 150,
        "superficie_m2": 12268,
        "zonificacion": "R4 - Residencial Turística y Viñedos",
        "fos_max": 0.3,
        "fot_max": 0.5,
        "estado_edificacion": "Edificado",
        "servicios": "Agua potable, Cloacas, Red de Gas, Electricidad",
        "titularidad": "Privada Registrada",
        "fuente": "Dirección de Catastro Municipal - Luján de Cuyo",
        "val_fiscal": 1042780000
      }
    },
    {
      "type": "Feature",
      "id": "parcela.182",
      "geometry": {
        "type": "Polygon",
        "coordinates": [
          [
            [
              -68.9072,
              -33.024
            ],
            [
              -68.9061,
              -33.024
            ],
            [
              -68.9061,
              -33.0231
            ],
            [
              -68.9072,
              -33.0231
            ],
            [
              -68.9072,
              -33.024
            ]
          ]
        ]
      },
      "properties": {
        "fid": 182,
        "padron": 65182,
        "nomenclatura": "06-01-01-01-02",
        "distrito": "VISTALBA",
        "barrio_paraje": "Vistalba - Guardia Vieja",
        "calle": "Calle A",
        "numero": 200,
        "superficie_m2": 12268,
        "zonificacion": "R4 - Residencial Turística y Viñedos",
        "fos_max": 0.3,
        "fot_max": 0.5,
        "estado_edificacion": "Edificado",
        "servicios": "Agua potable, Cloacas, Red de Gas, Electricidad",
        "titularidad": "Privada Registrada",
        "fuente": "Dirección de Catastro Municipal - Luján de Cuyo",
        "val_fiscal": 1042780000
      }
    },
    {
      "type": "Feature",
      "id": "parcela.183",
      "geometry": {
        "type": "Polygon",
        "coordinates": [
          [
            [
              -68.9085,
              -33.0229
            ],
            [
              -68.9074,
              -33.0229
            ],
            [
              -68.9074,
              -33.022
            ],
            [
              -68.9085,
              -33.022
            ],
            [
              -68.9085,
              -33.0229
            ]
          ]
        ]
      },
      "properties": {
        "fid": 183,
        "padron": 65183,
        "nomenclatura": "06-01-01-01-03",
        "distrito": "VISTALBA",
        "barrio_paraje": "Vistalba - Guardia Vieja",
        "calle": "Calle A",
        "numero": 250,
        "superficie_m2": 12268,
        "zonificacion": "R4 - Residencial Turística y Viñedos",
        "fos_max": 0.3,
        "fot_max": 0.5,
        "estado_edificacion": "Edificado",
        "servicios": "Agua potable, Cloacas, Red de Gas, Electricidad",
        "titularidad": "Privada Registrada",
        "fuente": "Dirección de Catastro Municipal - Luján de Cuyo",
        "val_fiscal": 1042780000
      }
    },
    {
      "type": "Feature",
      "id": "parcela.184",
      "geometry": {
        "type": "Polygon",
        "coordinates": [
          [
            [
              -68.9072,
              -33.0229
            ],
            [
              -68.9061,
              -33.0229
            ],
            [
              -68.9061,
              -33.022
            ],
            [
              -68.9072,
              -33.022
            ],
            [
              -68.9072,
              -33.0229
            ]
          ]
        ]
      },
      "properties": {
        "fid": 184,
        "padron": 65184,
        "nomenclatura": "06-01-01-01-04",
        "distrito": "VISTALBA",
        "barrio_paraje": "Vistalba - Guardia Vieja",
        "calle": "Calle A",
        "numero": 300,
        "superficie_m2": 12268,
        "zonificacion": "R4 - Residencial Turística y Viñedos",
        "fos_max": 0.3,
        "fot_max": 0.5,
        "estado_edificacion": "Baldío",
        "servicios": "Agua potable, Cloacas, Red de Gas, Electricidad",
        "titularidad": "Privada Registrada",
        "fuente": "Dirección de Catastro Municipal - Luján de Cuyo",
        "val_fiscal": 1042780000
      }
    },
    {
      "type": "Feature",
      "id": "parcela.185",
      "geometry": {
        "type": "Polygon",
        "coordinates": [
          [
            [
              -68.905,
              -33.024
            ],
            [
              -68.9039,
              -33.024
            ],
            [
              -68.9039,
              -33.0231
            ],
            [
              -68.905,
              -33.0231
            ],
            [
              -68.905,
              -33.024
            ]
          ]
        ]
      },
      "properties": {
        "fid": 185,
        "padron": 65185,
        "nomenclatura": "06-01-01-02-01",
        "distrito": "VISTALBA",
        "barrio_paraje": "Vistalba - Guardia Vieja",
        "calle": "Calle B",
        "numero": 150,
        "superficie_m2": 12268,
        "zonificacion": "R4 - Residencial Turística y Viñedos",
        "fos_max": 0.3,
        "fot_max": 0.5,
        "estado_edificacion": "Edificado",
        "servicios": "Agua potable, Cloacas, Red de Gas, Electricidad",
        "titularidad": "Privada Registrada",
        "fuente": "Dirección de Catastro Municipal - Luján de Cuyo",
        "val_fiscal": 1042780000
      }
    },
    {
      "type": "Feature",
      "id": "parcela.186",
      "geometry": {
        "type": "Polygon",
        "coordinates": [
          [
            [
              -68.9037,
              -33.024
            ],
            [
              -68.9026,
              -33.024
            ],
            [
              -68.9026,
              -33.0231
            ],
            [
              -68.9037,
              -33.0231
            ],
            [
              -68.9037,
              -33.024
            ]
          ]
        ]
      },
      "properties": {
        "fid": 186,
        "padron": 65186,
        "nomenclatura": "06-01-01-02-02",
        "distrito": "VISTALBA",
        "barrio_paraje": "Vistalba - Guardia Vieja",
        "calle": "Calle B",
        "numero": 200,
        "superficie_m2": 12268,
        "zonificacion": "R4 - Residencial Turística y Viñedos",
        "fos_max": 0.3,
        "fot_max": 0.5,
        "estado_edificacion": "Edificado",
        "servicios": "Agua potable, Cloacas, Red de Gas, Electricidad",
        "titularidad": "Privada Registrada",
        "fuente": "Dirección de Catastro Municipal - Luján de Cuyo",
        "val_fiscal": 1042780000
      }
    },
    {
      "type": "Feature",
      "id": "parcela.187",
      "geometry": {
        "type": "Polygon",
        "coordinates": [
          [
            [
              -68.905,
              -33.0229
            ],
            [
              -68.9039,
              -33.0229
            ],
            [
              -68.9039,
              -33.022
            ],
            [
              -68.905,
              -33.022
            ],
            [
              -68.905,
              -33.0229
            ]
          ]
        ]
      },
      "properties": {
        "fid": 187,
        "padron": 65187,
        "nomenclatura": "06-01-01-02-03",
        "distrito": "VISTALBA",
        "barrio_paraje": "Vistalba - Guardia Vieja",
        "calle": "Calle B",
        "numero": 250,
        "superficie_m2": 12268,
        "zonificacion": "R4 - Residencial Turística y Viñedos",
        "fos_max": 0.3,
        "fot_max": 0.5,
        "estado_edificacion": "Edificado",
        "servicios": "Agua potable, Cloacas, Red de Gas, Electricidad",
        "titularidad": "Privada Registrada",
        "fuente": "Dirección de Catastro Municipal - Luján de Cuyo",
        "val_fiscal": 1042780000
      }
    },
    {
      "type": "Feature",
      "id": "parcela.188",
      "geometry": {
        "type": "Polygon",
        "coordinates": [
          [
            [
              -68.9037,
              -33.0229
            ],
            [
              -68.9026,
              -33.0229
            ],
            [
              -68.9026,
              -33.022
            ],
            [
              -68.9037,
              -33.022
            ],
            [
              -68.9037,
              -33.0229
            ]
          ]
        ]
      },
      "properties": {
        "fid": 188,
        "padron": 65188,
        "nomenclatura": "06-01-01-02-04",
        "distrito": "VISTALBA",
        "barrio_paraje": "Vistalba - Guardia Vieja",
        "calle": "Calle B",
        "numero": 300,
        "superficie_m2": 12268,
        "zonificacion": "R4 - Residencial Turística y Viñedos",
        "fos_max": 0.3,
        "fot_max": 0.5,
        "estado_edificacion": "Baldío",
        "servicios": "Agua potable, Cloacas, Red de Gas, Electricidad",
        "titularidad": "Privada Registrada",
        "fuente": "Dirección de Catastro Municipal - Luján de Cuyo",
        "val_fiscal": 1042780000
      }
    },
    {
      "type": "Feature",
      "id": "parcela.189",
      "geometry": {
        "type": "Polygon",
        "coordinates": [
          [
            [
              -68.9015,
              -33.024
            ],
            [
              -68.9004,
              -33.024
            ],
            [
              -68.9004,
              -33.0231
            ],
            [
              -68.9015,
              -33.0231
            ],
            [
              -68.9015,
              -33.024
            ]
          ]
        ]
      },
      "properties": {
        "fid": 189,
        "padron": 65189,
        "nomenclatura": "06-01-01-03-01",
        "distrito": "VISTALBA",
        "barrio_paraje": "Vistalba - Guardia Vieja",
        "calle": "Calle C",
        "numero": 150,
        "superficie_m2": 12268,
        "zonificacion": "R4 - Residencial Turística y Viñedos",
        "fos_max": 0.3,
        "fot_max": 0.5,
        "estado_edificacion": "Edificado",
        "servicios": "Agua potable, Cloacas, Red de Gas, Electricidad",
        "titularidad": "Privada Registrada",
        "fuente": "Dirección de Catastro Municipal - Luján de Cuyo",
        "val_fiscal": 1042780000
      }
    },
    {
      "type": "Feature",
      "id": "parcela.190",
      "geometry": {
        "type": "Polygon",
        "coordinates": [
          [
            [
              -68.9002,
              -33.024
            ],
            [
              -68.8991,
              -33.024
            ],
            [
              -68.8991,
              -33.0231
            ],
            [
              -68.9002,
              -33.0231
            ],
            [
              -68.9002,
              -33.024
            ]
          ]
        ]
      },
      "properties": {
        "fid": 190,
        "padron": 65190,
        "nomenclatura": "06-01-01-03-02",
        "distrito": "VISTALBA",
        "barrio_paraje": "Vistalba - Guardia Vieja",
        "calle": "Calle C",
        "numero": 200,
        "superficie_m2": 12268,
        "zonificacion": "R4 - Residencial Turística y Viñedos",
        "fos_max": 0.3,
        "fot_max": 0.5,
        "estado_edificacion": "Edificado",
        "servicios": "Agua potable, Cloacas, Red de Gas, Electricidad",
        "titularidad": "Privada Registrada",
        "fuente": "Dirección de Catastro Municipal - Luján de Cuyo",
        "val_fiscal": 1042780000
      }
    },
    {
      "type": "Feature",
      "id": "parcela.191",
      "geometry": {
        "type": "Polygon",
        "coordinates": [
          [
            [
              -68.9015,
              -33.0229
            ],
            [
              -68.9004,
              -33.0229
            ],
            [
              -68.9004,
              -33.022
            ],
            [
              -68.9015,
              -33.022
            ],
            [
              -68.9015,
              -33.0229
            ]
          ]
        ]
      },
      "properties": {
        "fid": 191,
        "padron": 65191,
        "nomenclatura": "06-01-01-03-03",
        "distrito": "VISTALBA",
        "barrio_paraje": "Vistalba - Guardia Vieja",
        "calle": "Calle C",
        "numero": 250,
        "superficie_m2": 12268,
        "zonificacion": "R4 - Residencial Turística y Viñedos",
        "fos_max": 0.3,
        "fot_max": 0.5,
        "estado_edificacion": "Edificado",
        "servicios": "Agua potable, Cloacas, Red de Gas, Electricidad",
        "titularidad": "Privada Registrada",
        "fuente": "Dirección de Catastro Municipal - Luján de Cuyo",
        "val_fiscal": 1042780000
      }
    },
    {
      "type": "Feature",
      "id": "parcela.192",
      "geometry": {
        "type": "Polygon",
        "coordinates": [
          [
            [
              -68.9002,
              -33.0229
            ],
            [
              -68.8991,
              -33.0229
            ],
            [
              -68.8991,
              -33.022
            ],
            [
              -68.9002,
              -33.022
            ],
            [
              -68.9002,
              -33.0229
            ]
          ]
        ]
      },
      "properties": {
        "fid": 192,
        "padron": 65192,
        "nomenclatura": "06-01-01-03-04",
        "distrito": "VISTALBA",
        "barrio_paraje": "Vistalba - Guardia Vieja",
        "calle": "Calle C",
        "numero": 300,
        "superficie_m2": 12268,
        "zonificacion": "R4 - Residencial Turística y Viñedos",
        "fos_max": 0.3,
        "fot_max": 0.5,
        "estado_edificacion": "Baldío",
        "servicios": "Agua potable, Cloacas, Red de Gas, Electricidad",
        "titularidad": "Privada Registrada",
        "fuente": "Dirección de Catastro Municipal - Luján de Cuyo",
        "val_fiscal": 1042780000
      }
    },
    {
      "type": "Feature",
      "id": "parcela.193",
      "geometry": {
        "type": "Polygon",
        "coordinates": [
          [
            [
              -68.9085,
              -33.021
            ],
            [
              -68.9074,
              -33.021
            ],
            [
              -68.9074,
              -33.0201
            ],
            [
              -68.9085,
              -33.0201
            ],
            [
              -68.9085,
              -33.021
            ]
          ]
        ]
      },
      "properties": {
        "fid": 193,
        "padron": 65193,
        "nomenclatura": "06-01-02-01-01",
        "distrito": "VISTALBA",
        "barrio_paraje": "Vistalba - Guardia Vieja",
        "calle": "Calle A",
        "numero": 250,
        "superficie_m2": 12268,
        "zonificacion": "R4 - Residencial Turística y Viñedos",
        "fos_max": 0.3,
        "fot_max": 0.5,
        "estado_edificacion": "Edificado",
        "servicios": "Agua potable, Cloacas, Red de Gas, Electricidad",
        "titularidad": "Privada Registrada",
        "fuente": "Dirección de Catastro Municipal - Luján de Cuyo",
        "val_fiscal": 1042780000
      }
    },
    {
      "type": "Feature",
      "id": "parcela.194",
      "geometry": {
        "type": "Polygon",
        "coordinates": [
          [
            [
              -68.9072,
              -33.021
            ],
            [
              -68.9061,
              -33.021
            ],
            [
              -68.9061,
              -33.0201
            ],
            [
              -68.9072,
              -33.0201
            ],
            [
              -68.9072,
              -33.021
            ]
          ]
        ]
      },
      "properties": {
        "fid": 194,
        "padron": 65194,
        "nomenclatura": "06-01-02-01-02",
        "distrito": "VISTALBA",
        "barrio_paraje": "Vistalba - Guardia Vieja",
        "calle": "Calle A",
        "numero": 300,
        "superficie_m2": 12268,
        "zonificacion": "R4 - Residencial Turística y Viñedos",
        "fos_max": 0.3,
        "fot_max": 0.5,
        "estado_edificacion": "Edificado",
        "servicios": "Agua potable, Cloacas, Red de Gas, Electricidad",
        "titularidad": "Privada Registrada",
        "fuente": "Dirección de Catastro Municipal - Luján de Cuyo",
        "val_fiscal": 1042780000
      }
    },
    {
      "type": "Feature",
      "id": "parcela.195",
      "geometry": {
        "type": "Polygon",
        "coordinates": [
          [
            [
              -68.9085,
              -33.0199
            ],
            [
              -68.9074,
              -33.0199
            ],
            [
              -68.9074,
              -33.019
            ],
            [
              -68.9085,
              -33.019
            ],
            [
              -68.9085,
              -33.0199
            ]
          ]
        ]
      },
      "properties": {
        "fid": 195,
        "padron": 65195,
        "nomenclatura": "06-01-02-01-03",
        "distrito": "VISTALBA",
        "barrio_paraje": "Vistalba - Guardia Vieja",
        "calle": "Calle A",
        "numero": 350,
        "superficie_m2": 12268,
        "zonificacion": "R4 - Residencial Turística y Viñedos",
        "fos_max": 0.3,
        "fot_max": 0.5,
        "estado_edificacion": "Edificado",
        "servicios": "Agua potable, Cloacas, Red de Gas, Electricidad",
        "titularidad": "Privada Registrada",
        "fuente": "Dirección de Catastro Municipal - Luján de Cuyo",
        "val_fiscal": 1042780000
      }
    },
    {
      "type": "Feature",
      "id": "parcela.196",
      "geometry": {
        "type": "Polygon",
        "coordinates": [
          [
            [
              -68.9072,
              -33.0199
            ],
            [
              -68.9061,
              -33.0199
            ],
            [
              -68.9061,
              -33.019
            ],
            [
              -68.9072,
              -33.019
            ],
            [
              -68.9072,
              -33.0199
            ]
          ]
        ]
      },
      "properties": {
        "fid": 196,
        "padron": 65196,
        "nomenclatura": "06-01-02-01-04",
        "distrito": "VISTALBA",
        "barrio_paraje": "Vistalba - Guardia Vieja",
        "calle": "Calle A",
        "numero": 400,
        "superficie_m2": 12268,
        "zonificacion": "R4 - Residencial Turística y Viñedos",
        "fos_max": 0.3,
        "fot_max": 0.5,
        "estado_edificacion": "Baldío",
        "servicios": "Agua potable, Cloacas, Red de Gas, Electricidad",
        "titularidad": "Privada Registrada",
        "fuente": "Dirección de Catastro Municipal - Luján de Cuyo",
        "val_fiscal": 1042780000
      }
    },
    {
      "type": "Feature",
      "id": "parcela.197",
      "geometry": {
        "type": "Polygon",
        "coordinates": [
          [
            [
              -68.905,
              -33.021
            ],
            [
              -68.9039,
              -33.021
            ],
            [
              -68.9039,
              -33.0201
            ],
            [
              -68.905,
              -33.0201
            ],
            [
              -68.905,
              -33.021
            ]
          ]
        ]
      },
      "properties": {
        "fid": 197,
        "padron": 65197,
        "nomenclatura": "06-01-02-02-01",
        "distrito": "VISTALBA",
        "barrio_paraje": "Vistalba - Guardia Vieja",
        "calle": "Calle B",
        "numero": 250,
        "superficie_m2": 12268,
        "zonificacion": "R4 - Residencial Turística y Viñedos",
        "fos_max": 0.3,
        "fot_max": 0.5,
        "estado_edificacion": "Edificado",
        "servicios": "Agua potable, Cloacas, Red de Gas, Electricidad",
        "titularidad": "Privada Registrada",
        "fuente": "Dirección de Catastro Municipal - Luján de Cuyo",
        "val_fiscal": 1042780000
      }
    },
    {
      "type": "Feature",
      "id": "parcela.198",
      "geometry": {
        "type": "Polygon",
        "coordinates": [
          [
            [
              -68.9037,
              -33.021
            ],
            [
              -68.9026,
              -33.021
            ],
            [
              -68.9026,
              -33.0201
            ],
            [
              -68.9037,
              -33.0201
            ],
            [
              -68.9037,
              -33.021
            ]
          ]
        ]
      },
      "properties": {
        "fid": 198,
        "padron": 65198,
        "nomenclatura": "06-01-02-02-02",
        "distrito": "VISTALBA",
        "barrio_paraje": "Vistalba - Guardia Vieja",
        "calle": "Calle B",
        "numero": 300,
        "superficie_m2": 12268,
        "zonificacion": "R4 - Residencial Turística y Viñedos",
        "fos_max": 0.3,
        "fot_max": 0.5,
        "estado_edificacion": "Edificado",
        "servicios": "Agua potable, Cloacas, Red de Gas, Electricidad",
        "titularidad": "Privada Registrada",
        "fuente": "Dirección de Catastro Municipal - Luján de Cuyo",
        "val_fiscal": 1042780000
      }
    },
    {
      "type": "Feature",
      "id": "parcela.199",
      "geometry": {
        "type": "Polygon",
        "coordinates": [
          [
            [
              -68.905,
              -33.0199
            ],
            [
              -68.9039,
              -33.0199
            ],
            [
              -68.9039,
              -33.019
            ],
            [
              -68.905,
              -33.019
            ],
            [
              -68.905,
              -33.0199
            ]
          ]
        ]
      },
      "properties": {
        "fid": 199,
        "padron": 65199,
        "nomenclatura": "06-01-02-02-03",
        "distrito": "VISTALBA",
        "barrio_paraje": "Vistalba - Guardia Vieja",
        "calle": "Calle B",
        "numero": 350,
        "superficie_m2": 12268,
        "zonificacion": "R4 - Residencial Turística y Viñedos",
        "fos_max": 0.3,
        "fot_max": 0.5,
        "estado_edificacion": "Edificado",
        "servicios": "Agua potable, Cloacas, Red de Gas, Electricidad",
        "titularidad": "Privada Registrada",
        "fuente": "Dirección de Catastro Municipal - Luján de Cuyo",
        "val_fiscal": 1042780000
      }
    },
    {
      "type": "Feature",
      "id": "parcela.200",
      "geometry": {
        "type": "Polygon",
        "coordinates": [
          [
            [
              -68.9037,
              -33.0199
            ],
            [
              -68.9026,
              -33.0199
            ],
            [
              -68.9026,
              -33.019
            ],
            [
              -68.9037,
              -33.019
            ],
            [
              -68.9037,
              -33.0199
            ]
          ]
        ]
      },
      "properties": {
        "fid": 200,
        "padron": 65200,
        "nomenclatura": "06-01-02-02-04",
        "distrito": "VISTALBA",
        "barrio_paraje": "Vistalba - Guardia Vieja",
        "calle": "Calle B",
        "numero": 400,
        "superficie_m2": 12268,
        "zonificacion": "R4 - Residencial Turística y Viñedos",
        "fos_max": 0.3,
        "fot_max": 0.5,
        "estado_edificacion": "Baldío",
        "servicios": "Agua potable, Cloacas, Red de Gas, Electricidad",
        "titularidad": "Privada Registrada",
        "fuente": "Dirección de Catastro Municipal - Luján de Cuyo",
        "val_fiscal": 1042780000
      }
    },
    {
      "type": "Feature",
      "id": "parcela.201",
      "geometry": {
        "type": "Polygon",
        "coordinates": [
          [
            [
              -68.9015,
              -33.021
            ],
            [
              -68.9004,
              -33.021
            ],
            [
              -68.9004,
              -33.0201
            ],
            [
              -68.9015,
              -33.0201
            ],
            [
              -68.9015,
              -33.021
            ]
          ]
        ]
      },
      "properties": {
        "fid": 201,
        "padron": 65201,
        "nomenclatura": "06-01-02-03-01",
        "distrito": "VISTALBA",
        "barrio_paraje": "Vistalba - Guardia Vieja",
        "calle": "Calle C",
        "numero": 250,
        "superficie_m2": 12268,
        "zonificacion": "R4 - Residencial Turística y Viñedos",
        "fos_max": 0.3,
        "fot_max": 0.5,
        "estado_edificacion": "Edificado",
        "servicios": "Agua potable, Cloacas, Red de Gas, Electricidad",
        "titularidad": "Privada Registrada",
        "fuente": "Dirección de Catastro Municipal - Luján de Cuyo",
        "val_fiscal": 1042780000
      }
    },
    {
      "type": "Feature",
      "id": "parcela.202",
      "geometry": {
        "type": "Polygon",
        "coordinates": [
          [
            [
              -68.9002,
              -33.021
            ],
            [
              -68.8991,
              -33.021
            ],
            [
              -68.8991,
              -33.0201
            ],
            [
              -68.9002,
              -33.0201
            ],
            [
              -68.9002,
              -33.021
            ]
          ]
        ]
      },
      "properties": {
        "fid": 202,
        "padron": 65202,
        "nomenclatura": "06-01-02-03-02",
        "distrito": "VISTALBA",
        "barrio_paraje": "Vistalba - Guardia Vieja",
        "calle": "Calle C",
        "numero": 300,
        "superficie_m2": 12268,
        "zonificacion": "R4 - Residencial Turística y Viñedos",
        "fos_max": 0.3,
        "fot_max": 0.5,
        "estado_edificacion": "Edificado",
        "servicios": "Agua potable, Cloacas, Red de Gas, Electricidad",
        "titularidad": "Privada Registrada",
        "fuente": "Dirección de Catastro Municipal - Luján de Cuyo",
        "val_fiscal": 1042780000
      }
    },
    {
      "type": "Feature",
      "id": "parcela.203",
      "geometry": {
        "type": "Polygon",
        "coordinates": [
          [
            [
              -68.9015,
              -33.0199
            ],
            [
              -68.9004,
              -33.0199
            ],
            [
              -68.9004,
              -33.019
            ],
            [
              -68.9015,
              -33.019
            ],
            [
              -68.9015,
              -33.0199
            ]
          ]
        ]
      },
      "properties": {
        "fid": 203,
        "padron": 65203,
        "nomenclatura": "06-01-02-03-03",
        "distrito": "VISTALBA",
        "barrio_paraje": "Vistalba - Guardia Vieja",
        "calle": "Calle C",
        "numero": 350,
        "superficie_m2": 12268,
        "zonificacion": "R4 - Residencial Turística y Viñedos",
        "fos_max": 0.3,
        "fot_max": 0.5,
        "estado_edificacion": "Edificado",
        "servicios": "Agua potable, Cloacas, Red de Gas, Electricidad",
        "titularidad": "Privada Registrada",
        "fuente": "Dirección de Catastro Municipal - Luján de Cuyo",
        "val_fiscal": 1042780000
      }
    },
    {
      "type": "Feature",
      "id": "parcela.204",
      "geometry": {
        "type": "Polygon",
        "coordinates": [
          [
            [
              -68.9002,
              -33.0199
            ],
            [
              -68.8991,
              -33.0199
            ],
            [
              -68.8991,
              -33.019
            ],
            [
              -68.9002,
              -33.019
            ],
            [
              -68.9002,
              -33.0199
            ]
          ]
        ]
      },
      "properties": {
        "fid": 204,
        "padron": 65204,
        "nomenclatura": "06-01-02-03-04",
        "distrito": "VISTALBA",
        "barrio_paraje": "Vistalba - Guardia Vieja",
        "calle": "Calle C",
        "numero": 400,
        "superficie_m2": 12268,
        "zonificacion": "R4 - Residencial Turística y Viñedos",
        "fos_max": 0.3,
        "fot_max": 0.5,
        "estado_edificacion": "Baldío",
        "servicios": "Agua potable, Cloacas, Red de Gas, Electricidad",
        "titularidad": "Privada Registrada",
        "fuente": "Dirección de Catastro Municipal - Luján de Cuyo",
        "val_fiscal": 1042780000
      }
    },
    {
      "type": "Feature",
      "id": "parcela.205",
      "geometry": {
        "type": "Polygon",
        "coordinates": [
          [
            [
              -68.9085,
              -33.018
            ],
            [
              -68.9074,
              -33.018
            ],
            [
              -68.9074,
              -33.0171
            ],
            [
              -68.9085,
              -33.0171
            ],
            [
              -68.9085,
              -33.018
            ]
          ]
        ]
      },
      "properties": {
        "fid": 205,
        "padron": 65205,
        "nomenclatura": "06-01-03-01-01",
        "distrito": "VISTALBA",
        "barrio_paraje": "Vistalba - Guardia Vieja",
        "calle": "Calle A",
        "numero": 350,
        "superficie_m2": 12268,
        "zonificacion": "R4 - Residencial Turística y Viñedos",
        "fos_max": 0.3,
        "fot_max": 0.5,
        "estado_edificacion": "Edificado",
        "servicios": "Agua potable, Cloacas, Red de Gas, Electricidad",
        "titularidad": "Privada Registrada",
        "fuente": "Dirección de Catastro Municipal - Luján de Cuyo",
        "val_fiscal": 1042780000
      }
    },
    {
      "type": "Feature",
      "id": "parcela.206",
      "geometry": {
        "type": "Polygon",
        "coordinates": [
          [
            [
              -68.9072,
              -33.018
            ],
            [
              -68.9061,
              -33.018
            ],
            [
              -68.9061,
              -33.0171
            ],
            [
              -68.9072,
              -33.0171
            ],
            [
              -68.9072,
              -33.018
            ]
          ]
        ]
      },
      "properties": {
        "fid": 206,
        "padron": 65206,
        "nomenclatura": "06-01-03-01-02",
        "distrito": "VISTALBA",
        "barrio_paraje": "Vistalba - Guardia Vieja",
        "calle": "Calle A",
        "numero": 400,
        "superficie_m2": 12268,
        "zonificacion": "R4 - Residencial Turística y Viñedos",
        "fos_max": 0.3,
        "fot_max": 0.5,
        "estado_edificacion": "Edificado",
        "servicios": "Agua potable, Cloacas, Red de Gas, Electricidad",
        "titularidad": "Privada Registrada",
        "fuente": "Dirección de Catastro Municipal - Luján de Cuyo",
        "val_fiscal": 1042780000
      }
    },
    {
      "type": "Feature",
      "id": "parcela.207",
      "geometry": {
        "type": "Polygon",
        "coordinates": [
          [
            [
              -68.9085,
              -33.0169
            ],
            [
              -68.9074,
              -33.0169
            ],
            [
              -68.9074,
              -33.016
            ],
            [
              -68.9085,
              -33.016
            ],
            [
              -68.9085,
              -33.0169
            ]
          ]
        ]
      },
      "properties": {
        "fid": 207,
        "padron": 65207,
        "nomenclatura": "06-01-03-01-03",
        "distrito": "VISTALBA",
        "barrio_paraje": "Vistalba - Guardia Vieja",
        "calle": "Calle A",
        "numero": 450,
        "superficie_m2": 12268,
        "zonificacion": "R4 - Residencial Turística y Viñedos",
        "fos_max": 0.3,
        "fot_max": 0.5,
        "estado_edificacion": "Edificado",
        "servicios": "Agua potable, Cloacas, Red de Gas, Electricidad",
        "titularidad": "Privada Registrada",
        "fuente": "Dirección de Catastro Municipal - Luján de Cuyo",
        "val_fiscal": 1042780000
      }
    },
    {
      "type": "Feature",
      "id": "parcela.208",
      "geometry": {
        "type": "Polygon",
        "coordinates": [
          [
            [
              -68.9072,
              -33.0169
            ],
            [
              -68.9061,
              -33.0169
            ],
            [
              -68.9061,
              -33.016
            ],
            [
              -68.9072,
              -33.016
            ],
            [
              -68.9072,
              -33.0169
            ]
          ]
        ]
      },
      "properties": {
        "fid": 208,
        "padron": 65208,
        "nomenclatura": "06-01-03-01-04",
        "distrito": "VISTALBA",
        "barrio_paraje": "Vistalba - Guardia Vieja",
        "calle": "Calle A",
        "numero": 500,
        "superficie_m2": 12268,
        "zonificacion": "R4 - Residencial Turística y Viñedos",
        "fos_max": 0.3,
        "fot_max": 0.5,
        "estado_edificacion": "Baldío",
        "servicios": "Agua potable, Cloacas, Red de Gas, Electricidad",
        "titularidad": "Privada Registrada",
        "fuente": "Dirección de Catastro Municipal - Luján de Cuyo",
        "val_fiscal": 1042780000
      }
    },
    {
      "type": "Feature",
      "id": "parcela.209",
      "geometry": {
        "type": "Polygon",
        "coordinates": [
          [
            [
              -68.905,
              -33.018
            ],
            [
              -68.9039,
              -33.018
            ],
            [
              -68.9039,
              -33.0171
            ],
            [
              -68.905,
              -33.0171
            ],
            [
              -68.905,
              -33.018
            ]
          ]
        ]
      },
      "properties": {
        "fid": 209,
        "padron": 65209,
        "nomenclatura": "06-01-03-02-01",
        "distrito": "VISTALBA",
        "barrio_paraje": "Vistalba - Guardia Vieja",
        "calle": "Calle B",
        "numero": 350,
        "superficie_m2": 12268,
        "zonificacion": "R4 - Residencial Turística y Viñedos",
        "fos_max": 0.3,
        "fot_max": 0.5,
        "estado_edificacion": "Edificado",
        "servicios": "Agua potable, Cloacas, Red de Gas, Electricidad",
        "titularidad": "Privada Registrada",
        "fuente": "Dirección de Catastro Municipal - Luján de Cuyo",
        "val_fiscal": 1042780000
      }
    },
    {
      "type": "Feature",
      "id": "parcela.210",
      "geometry": {
        "type": "Polygon",
        "coordinates": [
          [
            [
              -68.9037,
              -33.018
            ],
            [
              -68.9026,
              -33.018
            ],
            [
              -68.9026,
              -33.0171
            ],
            [
              -68.9037,
              -33.0171
            ],
            [
              -68.9037,
              -33.018
            ]
          ]
        ]
      },
      "properties": {
        "fid": 210,
        "padron": 65210,
        "nomenclatura": "06-01-03-02-02",
        "distrito": "VISTALBA",
        "barrio_paraje": "Vistalba - Guardia Vieja",
        "calle": "Calle B",
        "numero": 400,
        "superficie_m2": 12268,
        "zonificacion": "R4 - Residencial Turística y Viñedos",
        "fos_max": 0.3,
        "fot_max": 0.5,
        "estado_edificacion": "Edificado",
        "servicios": "Agua potable, Cloacas, Red de Gas, Electricidad",
        "titularidad": "Privada Registrada",
        "fuente": "Dirección de Catastro Municipal - Luján de Cuyo",
        "val_fiscal": 1042780000
      }
    },
    {
      "type": "Feature",
      "id": "parcela.211",
      "geometry": {
        "type": "Polygon",
        "coordinates": [
          [
            [
              -68.905,
              -33.0169
            ],
            [
              -68.9039,
              -33.0169
            ],
            [
              -68.9039,
              -33.016
            ],
            [
              -68.905,
              -33.016
            ],
            [
              -68.905,
              -33.0169
            ]
          ]
        ]
      },
      "properties": {
        "fid": 211,
        "padron": 65211,
        "nomenclatura": "06-01-03-02-03",
        "distrito": "VISTALBA",
        "barrio_paraje": "Vistalba - Guardia Vieja",
        "calle": "Calle B",
        "numero": 450,
        "superficie_m2": 12268,
        "zonificacion": "R4 - Residencial Turística y Viñedos",
        "fos_max": 0.3,
        "fot_max": 0.5,
        "estado_edificacion": "Edificado",
        "servicios": "Agua potable, Cloacas, Red de Gas, Electricidad",
        "titularidad": "Privada Registrada",
        "fuente": "Dirección de Catastro Municipal - Luján de Cuyo",
        "val_fiscal": 1042780000
      }
    },
    {
      "type": "Feature",
      "id": "parcela.212",
      "geometry": {
        "type": "Polygon",
        "coordinates": [
          [
            [
              -68.9037,
              -33.0169
            ],
            [
              -68.9026,
              -33.0169
            ],
            [
              -68.9026,
              -33.016
            ],
            [
              -68.9037,
              -33.016
            ],
            [
              -68.9037,
              -33.0169
            ]
          ]
        ]
      },
      "properties": {
        "fid": 212,
        "padron": 65212,
        "nomenclatura": "06-01-03-02-04",
        "distrito": "VISTALBA",
        "barrio_paraje": "Vistalba - Guardia Vieja",
        "calle": "Calle B",
        "numero": 500,
        "superficie_m2": 12268,
        "zonificacion": "R4 - Residencial Turística y Viñedos",
        "fos_max": 0.3,
        "fot_max": 0.5,
        "estado_edificacion": "Baldío",
        "servicios": "Agua potable, Cloacas, Red de Gas, Electricidad",
        "titularidad": "Privada Registrada",
        "fuente": "Dirección de Catastro Municipal - Luján de Cuyo",
        "val_fiscal": 1042780000
      }
    },
    {
      "type": "Feature",
      "id": "parcela.213",
      "geometry": {
        "type": "Polygon",
        "coordinates": [
          [
            [
              -68.9015,
              -33.018
            ],
            [
              -68.9004,
              -33.018
            ],
            [
              -68.9004,
              -33.0171
            ],
            [
              -68.9015,
              -33.0171
            ],
            [
              -68.9015,
              -33.018
            ]
          ]
        ]
      },
      "properties": {
        "fid": 213,
        "padron": 65213,
        "nomenclatura": "06-01-03-03-01",
        "distrito": "VISTALBA",
        "barrio_paraje": "Vistalba - Guardia Vieja",
        "calle": "Calle C",
        "numero": 350,
        "superficie_m2": 12268,
        "zonificacion": "R4 - Residencial Turística y Viñedos",
        "fos_max": 0.3,
        "fot_max": 0.5,
        "estado_edificacion": "Edificado",
        "servicios": "Agua potable, Cloacas, Red de Gas, Electricidad",
        "titularidad": "Privada Registrada",
        "fuente": "Dirección de Catastro Municipal - Luján de Cuyo",
        "val_fiscal": 1042780000
      }
    },
    {
      "type": "Feature",
      "id": "parcela.214",
      "geometry": {
        "type": "Polygon",
        "coordinates": [
          [
            [
              -68.9002,
              -33.018
            ],
            [
              -68.8991,
              -33.018
            ],
            [
              -68.8991,
              -33.0171
            ],
            [
              -68.9002,
              -33.0171
            ],
            [
              -68.9002,
              -33.018
            ]
          ]
        ]
      },
      "properties": {
        "fid": 214,
        "padron": 65214,
        "nomenclatura": "06-01-03-03-02",
        "distrito": "VISTALBA",
        "barrio_paraje": "Vistalba - Guardia Vieja",
        "calle": "Calle C",
        "numero": 400,
        "superficie_m2": 12268,
        "zonificacion": "R4 - Residencial Turística y Viñedos",
        "fos_max": 0.3,
        "fot_max": 0.5,
        "estado_edificacion": "Edificado",
        "servicios": "Agua potable, Cloacas, Red de Gas, Electricidad",
        "titularidad": "Privada Registrada",
        "fuente": "Dirección de Catastro Municipal - Luján de Cuyo",
        "val_fiscal": 1042780000
      }
    },
    {
      "type": "Feature",
      "id": "parcela.215",
      "geometry": {
        "type": "Polygon",
        "coordinates": [
          [
            [
              -68.9015,
              -33.0169
            ],
            [
              -68.9004,
              -33.0169
            ],
            [
              -68.9004,
              -33.016
            ],
            [
              -68.9015,
              -33.016
            ],
            [
              -68.9015,
              -33.0169
            ]
          ]
        ]
      },
      "properties": {
        "fid": 215,
        "padron": 65215,
        "nomenclatura": "06-01-03-03-03",
        "distrito": "VISTALBA",
        "barrio_paraje": "Vistalba - Guardia Vieja",
        "calle": "Calle C",
        "numero": 450,
        "superficie_m2": 12268,
        "zonificacion": "R4 - Residencial Turística y Viñedos",
        "fos_max": 0.3,
        "fot_max": 0.5,
        "estado_edificacion": "Edificado",
        "servicios": "Agua potable, Cloacas, Red de Gas, Electricidad",
        "titularidad": "Privada Registrada",
        "fuente": "Dirección de Catastro Municipal - Luján de Cuyo",
        "val_fiscal": 1042780000
      }
    },
    {
      "type": "Feature",
      "id": "parcela.216",
      "geometry": {
        "type": "Polygon",
        "coordinates": [
          [
            [
              -68.9002,
              -33.0169
            ],
            [
              -68.8991,
              -33.0169
            ],
            [
              -68.8991,
              -33.016
            ],
            [
              -68.9002,
              -33.016
            ],
            [
              -68.9002,
              -33.0169
            ]
          ]
        ]
      },
      "properties": {
        "fid": 216,
        "padron": 65216,
        "nomenclatura": "06-01-03-03-04",
        "distrito": "VISTALBA",
        "barrio_paraje": "Vistalba - Guardia Vieja",
        "calle": "Calle C",
        "numero": 500,
        "superficie_m2": 12268,
        "zonificacion": "R4 - Residencial Turística y Viñedos",
        "fos_max": 0.3,
        "fot_max": 0.5,
        "estado_edificacion": "Baldío",
        "servicios": "Agua potable, Cloacas, Red de Gas, Electricidad",
        "titularidad": "Privada Registrada",
        "fuente": "Dirección de Catastro Municipal - Luján de Cuyo",
        "val_fiscal": 1042780000
      }
    },
    {
      "type": "Feature",
      "id": "parcela.217",
      "geometry": {
        "type": "Polygon",
        "coordinates": [
          [
            [
              -69.1985,
              -32.958
            ],
            [
              -69.1974,
              -32.958
            ],
            [
              -69.1974,
              -32.9571
            ],
            [
              -69.1985,
              -32.9571
            ],
            [
              -69.1985,
              -32.958
            ]
          ]
        ]
      },
      "properties": {
        "fid": 217,
        "padron": 78217,
        "nomenclatura": "06-01-01-01-01",
        "distrito": "POTRERILLOS",
        "barrio_paraje": "Villa Potrerillos - Dique",
        "calle": "Calle A",
        "numero": 150,
        "superficie_m2": 12268,
        "zonificacion": "ZT - Zona Turística y Recreativa",
        "fos_max": 0.35,
        "fot_max": 0.6,
        "estado_edificacion": "Edificado",
        "servicios": "Agua potable, Cloacas, Red de Gas, Electricidad",
        "titularidad": "Privada Registrada",
        "fuente": "Dirección de Catastro Municipal - Luján de Cuyo",
        "val_fiscal": 1042780000
      }
    },
    {
      "type": "Feature",
      "id": "parcela.218",
      "geometry": {
        "type": "Polygon",
        "coordinates": [
          [
            [
              -69.1972,
              -32.958
            ],
            [
              -69.1961,
              -32.958
            ],
            [
              -69.1961,
              -32.9571
            ],
            [
              -69.1972,
              -32.9571
            ],
            [
              -69.1972,
              -32.958
            ]
          ]
        ]
      },
      "properties": {
        "fid": 218,
        "padron": 78218,
        "nomenclatura": "06-01-01-01-02",
        "distrito": "POTRERILLOS",
        "barrio_paraje": "Villa Potrerillos - Dique",
        "calle": "Calle A",
        "numero": 200,
        "superficie_m2": 12268,
        "zonificacion": "ZT - Zona Turística y Recreativa",
        "fos_max": 0.35,
        "fot_max": 0.6,
        "estado_edificacion": "Edificado",
        "servicios": "Agua potable, Cloacas, Red de Gas, Electricidad",
        "titularidad": "Privada Registrada",
        "fuente": "Dirección de Catastro Municipal - Luján de Cuyo",
        "val_fiscal": 1042780000
      }
    },
    {
      "type": "Feature",
      "id": "parcela.219",
      "geometry": {
        "type": "Polygon",
        "coordinates": [
          [
            [
              -69.1985,
              -32.9569
            ],
            [
              -69.1974,
              -32.9569
            ],
            [
              -69.1974,
              -32.956
            ],
            [
              -69.1985,
              -32.956
            ],
            [
              -69.1985,
              -32.9569
            ]
          ]
        ]
      },
      "properties": {
        "fid": 219,
        "padron": 78219,
        "nomenclatura": "06-01-01-01-03",
        "distrito": "POTRERILLOS",
        "barrio_paraje": "Villa Potrerillos - Dique",
        "calle": "Calle A",
        "numero": 250,
        "superficie_m2": 12268,
        "zonificacion": "ZT - Zona Turística y Recreativa",
        "fos_max": 0.35,
        "fot_max": 0.6,
        "estado_edificacion": "Edificado",
        "servicios": "Agua potable, Cloacas, Red de Gas, Electricidad",
        "titularidad": "Privada Registrada",
        "fuente": "Dirección de Catastro Municipal - Luján de Cuyo",
        "val_fiscal": 1042780000
      }
    },
    {
      "type": "Feature",
      "id": "parcela.220",
      "geometry": {
        "type": "Polygon",
        "coordinates": [
          [
            [
              -69.1972,
              -32.9569
            ],
            [
              -69.1961,
              -32.9569
            ],
            [
              -69.1961,
              -32.956
            ],
            [
              -69.1972,
              -32.956
            ],
            [
              -69.1972,
              -32.9569
            ]
          ]
        ]
      },
      "properties": {
        "fid": 220,
        "padron": 78220,
        "nomenclatura": "06-01-01-01-04",
        "distrito": "POTRERILLOS",
        "barrio_paraje": "Villa Potrerillos - Dique",
        "calle": "Calle A",
        "numero": 300,
        "superficie_m2": 12268,
        "zonificacion": "ZT - Zona Turística y Recreativa",
        "fos_max": 0.35,
        "fot_max": 0.6,
        "estado_edificacion": "Baldío",
        "servicios": "Agua potable, Cloacas, Red de Gas, Electricidad",
        "titularidad": "Privada Registrada",
        "fuente": "Dirección de Catastro Municipal - Luján de Cuyo",
        "val_fiscal": 1042780000
      }
    },
    {
      "type": "Feature",
      "id": "parcela.221",
      "geometry": {
        "type": "Polygon",
        "coordinates": [
          [
            [
              -69.195,
              -32.958
            ],
            [
              -69.1939,
              -32.958
            ],
            [
              -69.1939,
              -32.9571
            ],
            [
              -69.195,
              -32.9571
            ],
            [
              -69.195,
              -32.958
            ]
          ]
        ]
      },
      "properties": {
        "fid": 221,
        "padron": 78221,
        "nomenclatura": "06-01-01-02-01",
        "distrito": "POTRERILLOS",
        "barrio_paraje": "Villa Potrerillos - Dique",
        "calle": "Calle B",
        "numero": 150,
        "superficie_m2": 12268,
        "zonificacion": "ZT - Zona Turística y Recreativa",
        "fos_max": 0.35,
        "fot_max": 0.6,
        "estado_edificacion": "Edificado",
        "servicios": "Agua potable, Cloacas, Red de Gas, Electricidad",
        "titularidad": "Privada Registrada",
        "fuente": "Dirección de Catastro Municipal - Luján de Cuyo",
        "val_fiscal": 1042780000
      }
    },
    {
      "type": "Feature",
      "id": "parcela.222",
      "geometry": {
        "type": "Polygon",
        "coordinates": [
          [
            [
              -69.1937,
              -32.958
            ],
            [
              -69.1926,
              -32.958
            ],
            [
              -69.1926,
              -32.9571
            ],
            [
              -69.1937,
              -32.9571
            ],
            [
              -69.1937,
              -32.958
            ]
          ]
        ]
      },
      "properties": {
        "fid": 222,
        "padron": 78222,
        "nomenclatura": "06-01-01-02-02",
        "distrito": "POTRERILLOS",
        "barrio_paraje": "Villa Potrerillos - Dique",
        "calle": "Calle B",
        "numero": 200,
        "superficie_m2": 12268,
        "zonificacion": "ZT - Zona Turística y Recreativa",
        "fos_max": 0.35,
        "fot_max": 0.6,
        "estado_edificacion": "Edificado",
        "servicios": "Agua potable, Cloacas, Red de Gas, Electricidad",
        "titularidad": "Privada Registrada",
        "fuente": "Dirección de Catastro Municipal - Luján de Cuyo",
        "val_fiscal": 1042780000
      }
    },
    {
      "type": "Feature",
      "id": "parcela.223",
      "geometry": {
        "type": "Polygon",
        "coordinates": [
          [
            [
              -69.195,
              -32.9569
            ],
            [
              -69.1939,
              -32.9569
            ],
            [
              -69.1939,
              -32.956
            ],
            [
              -69.195,
              -32.956
            ],
            [
              -69.195,
              -32.9569
            ]
          ]
        ]
      },
      "properties": {
        "fid": 223,
        "padron": 78223,
        "nomenclatura": "06-01-01-02-03",
        "distrito": "POTRERILLOS",
        "barrio_paraje": "Villa Potrerillos - Dique",
        "calle": "Calle B",
        "numero": 250,
        "superficie_m2": 12268,
        "zonificacion": "ZT - Zona Turística y Recreativa",
        "fos_max": 0.35,
        "fot_max": 0.6,
        "estado_edificacion": "Edificado",
        "servicios": "Agua potable, Cloacas, Red de Gas, Electricidad",
        "titularidad": "Privada Registrada",
        "fuente": "Dirección de Catastro Municipal - Luján de Cuyo",
        "val_fiscal": 1042780000
      }
    },
    {
      "type": "Feature",
      "id": "parcela.224",
      "geometry": {
        "type": "Polygon",
        "coordinates": [
          [
            [
              -69.1937,
              -32.9569
            ],
            [
              -69.1926,
              -32.9569
            ],
            [
              -69.1926,
              -32.956
            ],
            [
              -69.1937,
              -32.956
            ],
            [
              -69.1937,
              -32.9569
            ]
          ]
        ]
      },
      "properties": {
        "fid": 224,
        "padron": 78224,
        "nomenclatura": "06-01-01-02-04",
        "distrito": "POTRERILLOS",
        "barrio_paraje": "Villa Potrerillos - Dique",
        "calle": "Calle B",
        "numero": 300,
        "superficie_m2": 12268,
        "zonificacion": "ZT - Zona Turística y Recreativa",
        "fos_max": 0.35,
        "fot_max": 0.6,
        "estado_edificacion": "Baldío",
        "servicios": "Agua potable, Cloacas, Red de Gas, Electricidad",
        "titularidad": "Privada Registrada",
        "fuente": "Dirección de Catastro Municipal - Luján de Cuyo",
        "val_fiscal": 1042780000
      }
    },
    {
      "type": "Feature",
      "id": "parcela.225",
      "geometry": {
        "type": "Polygon",
        "coordinates": [
          [
            [
              -69.1915,
              -32.958
            ],
            [
              -69.1904,
              -32.958
            ],
            [
              -69.1904,
              -32.9571
            ],
            [
              -69.1915,
              -32.9571
            ],
            [
              -69.1915,
              -32.958
            ]
          ]
        ]
      },
      "properties": {
        "fid": 225,
        "padron": 78225,
        "nomenclatura": "06-01-01-03-01",
        "distrito": "POTRERILLOS",
        "barrio_paraje": "Villa Potrerillos - Dique",
        "calle": "Calle C",
        "numero": 150,
        "superficie_m2": 12268,
        "zonificacion": "ZT - Zona Turística y Recreativa",
        "fos_max": 0.35,
        "fot_max": 0.6,
        "estado_edificacion": "Edificado",
        "servicios": "Agua potable, Cloacas, Red de Gas, Electricidad",
        "titularidad": "Privada Registrada",
        "fuente": "Dirección de Catastro Municipal - Luján de Cuyo",
        "val_fiscal": 1042780000
      }
    },
    {
      "type": "Feature",
      "id": "parcela.226",
      "geometry": {
        "type": "Polygon",
        "coordinates": [
          [
            [
              -69.1902,
              -32.958
            ],
            [
              -69.1891,
              -32.958
            ],
            [
              -69.1891,
              -32.9571
            ],
            [
              -69.1902,
              -32.9571
            ],
            [
              -69.1902,
              -32.958
            ]
          ]
        ]
      },
      "properties": {
        "fid": 226,
        "padron": 78226,
        "nomenclatura": "06-01-01-03-02",
        "distrito": "POTRERILLOS",
        "barrio_paraje": "Villa Potrerillos - Dique",
        "calle": "Calle C",
        "numero": 200,
        "superficie_m2": 12268,
        "zonificacion": "ZT - Zona Turística y Recreativa",
        "fos_max": 0.35,
        "fot_max": 0.6,
        "estado_edificacion": "Edificado",
        "servicios": "Agua potable, Cloacas, Red de Gas, Electricidad",
        "titularidad": "Privada Registrada",
        "fuente": "Dirección de Catastro Municipal - Luján de Cuyo",
        "val_fiscal": 1042780000
      }
    },
    {
      "type": "Feature",
      "id": "parcela.227",
      "geometry": {
        "type": "Polygon",
        "coordinates": [
          [
            [
              -69.1915,
              -32.9569
            ],
            [
              -69.1904,
              -32.9569
            ],
            [
              -69.1904,
              -32.956
            ],
            [
              -69.1915,
              -32.956
            ],
            [
              -69.1915,
              -32.9569
            ]
          ]
        ]
      },
      "properties": {
        "fid": 227,
        "padron": 78227,
        "nomenclatura": "06-01-01-03-03",
        "distrito": "POTRERILLOS",
        "barrio_paraje": "Villa Potrerillos - Dique",
        "calle": "Calle C",
        "numero": 250,
        "superficie_m2": 12268,
        "zonificacion": "ZT - Zona Turística y Recreativa",
        "fos_max": 0.35,
        "fot_max": 0.6,
        "estado_edificacion": "Edificado",
        "servicios": "Agua potable, Cloacas, Red de Gas, Electricidad",
        "titularidad": "Privada Registrada",
        "fuente": "Dirección de Catastro Municipal - Luján de Cuyo",
        "val_fiscal": 1042780000
      }
    },
    {
      "type": "Feature",
      "id": "parcela.228",
      "geometry": {
        "type": "Polygon",
        "coordinates": [
          [
            [
              -69.1902,
              -32.9569
            ],
            [
              -69.1891,
              -32.9569
            ],
            [
              -69.1891,
              -32.956
            ],
            [
              -69.1902,
              -32.956
            ],
            [
              -69.1902,
              -32.9569
            ]
          ]
        ]
      },
      "properties": {
        "fid": 228,
        "padron": 78228,
        "nomenclatura": "06-01-01-03-04",
        "distrito": "POTRERILLOS",
        "barrio_paraje": "Villa Potrerillos - Dique",
        "calle": "Calle C",
        "numero": 300,
        "superficie_m2": 12268,
        "zonificacion": "ZT - Zona Turística y Recreativa",
        "fos_max": 0.35,
        "fot_max": 0.6,
        "estado_edificacion": "Baldío",
        "servicios": "Agua potable, Cloacas, Red de Gas, Electricidad",
        "titularidad": "Privada Registrada",
        "fuente": "Dirección de Catastro Municipal - Luján de Cuyo",
        "val_fiscal": 1042780000
      }
    },
    {
      "type": "Feature",
      "id": "parcela.229",
      "geometry": {
        "type": "Polygon",
        "coordinates": [
          [
            [
              -69.1985,
              -32.955
            ],
            [
              -69.1974,
              -32.955
            ],
            [
              -69.1974,
              -32.9541
            ],
            [
              -69.1985,
              -32.9541
            ],
            [
              -69.1985,
              -32.955
            ]
          ]
        ]
      },
      "properties": {
        "fid": 229,
        "padron": 78229,
        "nomenclatura": "06-01-02-01-01",
        "distrito": "POTRERILLOS",
        "barrio_paraje": "Villa Potrerillos - Dique",
        "calle": "Calle A",
        "numero": 250,
        "superficie_m2": 12268,
        "zonificacion": "ZT - Zona Turística y Recreativa",
        "fos_max": 0.35,
        "fot_max": 0.6,
        "estado_edificacion": "Edificado",
        "servicios": "Agua potable, Cloacas, Red de Gas, Electricidad",
        "titularidad": "Privada Registrada",
        "fuente": "Dirección de Catastro Municipal - Luján de Cuyo",
        "val_fiscal": 1042780000
      }
    },
    {
      "type": "Feature",
      "id": "parcela.230",
      "geometry": {
        "type": "Polygon",
        "coordinates": [
          [
            [
              -69.1972,
              -32.955
            ],
            [
              -69.1961,
              -32.955
            ],
            [
              -69.1961,
              -32.9541
            ],
            [
              -69.1972,
              -32.9541
            ],
            [
              -69.1972,
              -32.955
            ]
          ]
        ]
      },
      "properties": {
        "fid": 230,
        "padron": 78230,
        "nomenclatura": "06-01-02-01-02",
        "distrito": "POTRERILLOS",
        "barrio_paraje": "Villa Potrerillos - Dique",
        "calle": "Calle A",
        "numero": 300,
        "superficie_m2": 12268,
        "zonificacion": "ZT - Zona Turística y Recreativa",
        "fos_max": 0.35,
        "fot_max": 0.6,
        "estado_edificacion": "Edificado",
        "servicios": "Agua potable, Cloacas, Red de Gas, Electricidad",
        "titularidad": "Privada Registrada",
        "fuente": "Dirección de Catastro Municipal - Luján de Cuyo",
        "val_fiscal": 1042780000
      }
    },
    {
      "type": "Feature",
      "id": "parcela.231",
      "geometry": {
        "type": "Polygon",
        "coordinates": [
          [
            [
              -69.1985,
              -32.9539
            ],
            [
              -69.1974,
              -32.9539
            ],
            [
              -69.1974,
              -32.953
            ],
            [
              -69.1985,
              -32.953
            ],
            [
              -69.1985,
              -32.9539
            ]
          ]
        ]
      },
      "properties": {
        "fid": 231,
        "padron": 78231,
        "nomenclatura": "06-01-02-01-03",
        "distrito": "POTRERILLOS",
        "barrio_paraje": "Villa Potrerillos - Dique",
        "calle": "Calle A",
        "numero": 350,
        "superficie_m2": 12268,
        "zonificacion": "ZT - Zona Turística y Recreativa",
        "fos_max": 0.35,
        "fot_max": 0.6,
        "estado_edificacion": "Edificado",
        "servicios": "Agua potable, Cloacas, Red de Gas, Electricidad",
        "titularidad": "Privada Registrada",
        "fuente": "Dirección de Catastro Municipal - Luján de Cuyo",
        "val_fiscal": 1042780000
      }
    },
    {
      "type": "Feature",
      "id": "parcela.232",
      "geometry": {
        "type": "Polygon",
        "coordinates": [
          [
            [
              -69.1972,
              -32.9539
            ],
            [
              -69.1961,
              -32.9539
            ],
            [
              -69.1961,
              -32.953
            ],
            [
              -69.1972,
              -32.953
            ],
            [
              -69.1972,
              -32.9539
            ]
          ]
        ]
      },
      "properties": {
        "fid": 232,
        "padron": 78232,
        "nomenclatura": "06-01-02-01-04",
        "distrito": "POTRERILLOS",
        "barrio_paraje": "Villa Potrerillos - Dique",
        "calle": "Calle A",
        "numero": 400,
        "superficie_m2": 12268,
        "zonificacion": "ZT - Zona Turística y Recreativa",
        "fos_max": 0.35,
        "fot_max": 0.6,
        "estado_edificacion": "Baldío",
        "servicios": "Agua potable, Cloacas, Red de Gas, Electricidad",
        "titularidad": "Privada Registrada",
        "fuente": "Dirección de Catastro Municipal - Luján de Cuyo",
        "val_fiscal": 1042780000
      }
    },
    {
      "type": "Feature",
      "id": "parcela.233",
      "geometry": {
        "type": "Polygon",
        "coordinates": [
          [
            [
              -69.195,
              -32.955
            ],
            [
              -69.1939,
              -32.955
            ],
            [
              -69.1939,
              -32.9541
            ],
            [
              -69.195,
              -32.9541
            ],
            [
              -69.195,
              -32.955
            ]
          ]
        ]
      },
      "properties": {
        "fid": 233,
        "padron": 78233,
        "nomenclatura": "06-01-02-02-01",
        "distrito": "POTRERILLOS",
        "barrio_paraje": "Villa Potrerillos - Dique",
        "calle": "Calle B",
        "numero": 250,
        "superficie_m2": 12268,
        "zonificacion": "ZT - Zona Turística y Recreativa",
        "fos_max": 0.35,
        "fot_max": 0.6,
        "estado_edificacion": "Edificado",
        "servicios": "Agua potable, Cloacas, Red de Gas, Electricidad",
        "titularidad": "Privada Registrada",
        "fuente": "Dirección de Catastro Municipal - Luján de Cuyo",
        "val_fiscal": 1042780000
      }
    },
    {
      "type": "Feature",
      "id": "parcela.234",
      "geometry": {
        "type": "Polygon",
        "coordinates": [
          [
            [
              -69.1937,
              -32.955
            ],
            [
              -69.1926,
              -32.955
            ],
            [
              -69.1926,
              -32.9541
            ],
            [
              -69.1937,
              -32.9541
            ],
            [
              -69.1937,
              -32.955
            ]
          ]
        ]
      },
      "properties": {
        "fid": 234,
        "padron": 78234,
        "nomenclatura": "06-01-02-02-02",
        "distrito": "POTRERILLOS",
        "barrio_paraje": "Villa Potrerillos - Dique",
        "calle": "Calle B",
        "numero": 300,
        "superficie_m2": 12268,
        "zonificacion": "ZT - Zona Turística y Recreativa",
        "fos_max": 0.35,
        "fot_max": 0.6,
        "estado_edificacion": "Edificado",
        "servicios": "Agua potable, Cloacas, Red de Gas, Electricidad",
        "titularidad": "Privada Registrada",
        "fuente": "Dirección de Catastro Municipal - Luján de Cuyo",
        "val_fiscal": 1042780000
      }
    },
    {
      "type": "Feature",
      "id": "parcela.235",
      "geometry": {
        "type": "Polygon",
        "coordinates": [
          [
            [
              -69.195,
              -32.9539
            ],
            [
              -69.1939,
              -32.9539
            ],
            [
              -69.1939,
              -32.953
            ],
            [
              -69.195,
              -32.953
            ],
            [
              -69.195,
              -32.9539
            ]
          ]
        ]
      },
      "properties": {
        "fid": 235,
        "padron": 78235,
        "nomenclatura": "06-01-02-02-03",
        "distrito": "POTRERILLOS",
        "barrio_paraje": "Villa Potrerillos - Dique",
        "calle": "Calle B",
        "numero": 350,
        "superficie_m2": 12268,
        "zonificacion": "ZT - Zona Turística y Recreativa",
        "fos_max": 0.35,
        "fot_max": 0.6,
        "estado_edificacion": "Edificado",
        "servicios": "Agua potable, Cloacas, Red de Gas, Electricidad",
        "titularidad": "Privada Registrada",
        "fuente": "Dirección de Catastro Municipal - Luján de Cuyo",
        "val_fiscal": 1042780000
      }
    },
    {
      "type": "Feature",
      "id": "parcela.236",
      "geometry": {
        "type": "Polygon",
        "coordinates": [
          [
            [
              -69.1937,
              -32.9539
            ],
            [
              -69.1926,
              -32.9539
            ],
            [
              -69.1926,
              -32.953
            ],
            [
              -69.1937,
              -32.953
            ],
            [
              -69.1937,
              -32.9539
            ]
          ]
        ]
      },
      "properties": {
        "fid": 236,
        "padron": 78236,
        "nomenclatura": "06-01-02-02-04",
        "distrito": "POTRERILLOS",
        "barrio_paraje": "Villa Potrerillos - Dique",
        "calle": "Calle B",
        "numero": 400,
        "superficie_m2": 12268,
        "zonificacion": "ZT - Zona Turística y Recreativa",
        "fos_max": 0.35,
        "fot_max": 0.6,
        "estado_edificacion": "Baldío",
        "servicios": "Agua potable, Cloacas, Red de Gas, Electricidad",
        "titularidad": "Privada Registrada",
        "fuente": "Dirección de Catastro Municipal - Luján de Cuyo",
        "val_fiscal": 1042780000
      }
    },
    {
      "type": "Feature",
      "id": "parcela.237",
      "geometry": {
        "type": "Polygon",
        "coordinates": [
          [
            [
              -69.1915,
              -32.955
            ],
            [
              -69.1904,
              -32.955
            ],
            [
              -69.1904,
              -32.9541
            ],
            [
              -69.1915,
              -32.9541
            ],
            [
              -69.1915,
              -32.955
            ]
          ]
        ]
      },
      "properties": {
        "fid": 237,
        "padron": 78237,
        "nomenclatura": "06-01-02-03-01",
        "distrito": "POTRERILLOS",
        "barrio_paraje": "Villa Potrerillos - Dique",
        "calle": "Calle C",
        "numero": 250,
        "superficie_m2": 12268,
        "zonificacion": "ZT - Zona Turística y Recreativa",
        "fos_max": 0.35,
        "fot_max": 0.6,
        "estado_edificacion": "Edificado",
        "servicios": "Agua potable, Cloacas, Red de Gas, Electricidad",
        "titularidad": "Privada Registrada",
        "fuente": "Dirección de Catastro Municipal - Luján de Cuyo",
        "val_fiscal": 1042780000
      }
    },
    {
      "type": "Feature",
      "id": "parcela.238",
      "geometry": {
        "type": "Polygon",
        "coordinates": [
          [
            [
              -69.1902,
              -32.955
            ],
            [
              -69.1891,
              -32.955
            ],
            [
              -69.1891,
              -32.9541
            ],
            [
              -69.1902,
              -32.9541
            ],
            [
              -69.1902,
              -32.955
            ]
          ]
        ]
      },
      "properties": {
        "fid": 238,
        "padron": 78238,
        "nomenclatura": "06-01-02-03-02",
        "distrito": "POTRERILLOS",
        "barrio_paraje": "Villa Potrerillos - Dique",
        "calle": "Calle C",
        "numero": 300,
        "superficie_m2": 12268,
        "zonificacion": "ZT - Zona Turística y Recreativa",
        "fos_max": 0.35,
        "fot_max": 0.6,
        "estado_edificacion": "Edificado",
        "servicios": "Agua potable, Cloacas, Red de Gas, Electricidad",
        "titularidad": "Privada Registrada",
        "fuente": "Dirección de Catastro Municipal - Luján de Cuyo",
        "val_fiscal": 1042780000
      }
    },
    {
      "type": "Feature",
      "id": "parcela.239",
      "geometry": {
        "type": "Polygon",
        "coordinates": [
          [
            [
              -69.1915,
              -32.9539
            ],
            [
              -69.1904,
              -32.9539
            ],
            [
              -69.1904,
              -32.953
            ],
            [
              -69.1915,
              -32.953
            ],
            [
              -69.1915,
              -32.9539
            ]
          ]
        ]
      },
      "properties": {
        "fid": 239,
        "padron": 78239,
        "nomenclatura": "06-01-02-03-03",
        "distrito": "POTRERILLOS",
        "barrio_paraje": "Villa Potrerillos - Dique",
        "calle": "Calle C",
        "numero": 350,
        "superficie_m2": 12268,
        "zonificacion": "ZT - Zona Turística y Recreativa",
        "fos_max": 0.35,
        "fot_max": 0.6,
        "estado_edificacion": "Edificado",
        "servicios": "Agua potable, Cloacas, Red de Gas, Electricidad",
        "titularidad": "Privada Registrada",
        "fuente": "Dirección de Catastro Municipal - Luján de Cuyo",
        "val_fiscal": 1042780000
      }
    },
    {
      "type": "Feature",
      "id": "parcela.240",
      "geometry": {
        "type": "Polygon",
        "coordinates": [
          [
            [
              -69.1902,
              -32.9539
            ],
            [
              -69.1891,
              -32.9539
            ],
            [
              -69.1891,
              -32.953
            ],
            [
              -69.1902,
              -32.953
            ],
            [
              -69.1902,
              -32.9539
            ]
          ]
        ]
      },
      "properties": {
        "fid": 240,
        "padron": 78240,
        "nomenclatura": "06-01-02-03-04",
        "distrito": "POTRERILLOS",
        "barrio_paraje": "Villa Potrerillos - Dique",
        "calle": "Calle C",
        "numero": 400,
        "superficie_m2": 12268,
        "zonificacion": "ZT - Zona Turística y Recreativa",
        "fos_max": 0.35,
        "fot_max": 0.6,
        "estado_edificacion": "Baldío",
        "servicios": "Agua potable, Cloacas, Red de Gas, Electricidad",
        "titularidad": "Privada Registrada",
        "fuente": "Dirección de Catastro Municipal - Luján de Cuyo",
        "val_fiscal": 1042780000
      }
    },
    {
      "type": "Feature",
      "id": "parcela.241",
      "geometry": {
        "type": "Polygon",
        "coordinates": [
          [
            [
              -69.1985,
              -32.952
            ],
            [
              -69.1974,
              -32.952
            ],
            [
              -69.1974,
              -32.9511
            ],
            [
              -69.1985,
              -32.9511
            ],
            [
              -69.1985,
              -32.952
            ]
          ]
        ]
      },
      "properties": {
        "fid": 241,
        "padron": 78241,
        "nomenclatura": "06-01-03-01-01",
        "distrito": "POTRERILLOS",
        "barrio_paraje": "Villa Potrerillos - Dique",
        "calle": "Calle A",
        "numero": 350,
        "superficie_m2": 12268,
        "zonificacion": "ZT - Zona Turística y Recreativa",
        "fos_max": 0.35,
        "fot_max": 0.6,
        "estado_edificacion": "Edificado",
        "servicios": "Agua potable, Cloacas, Red de Gas, Electricidad",
        "titularidad": "Privada Registrada",
        "fuente": "Dirección de Catastro Municipal - Luján de Cuyo",
        "val_fiscal": 1042780000
      }
    },
    {
      "type": "Feature",
      "id": "parcela.242",
      "geometry": {
        "type": "Polygon",
        "coordinates": [
          [
            [
              -69.1972,
              -32.952
            ],
            [
              -69.1961,
              -32.952
            ],
            [
              -69.1961,
              -32.9511
            ],
            [
              -69.1972,
              -32.9511
            ],
            [
              -69.1972,
              -32.952
            ]
          ]
        ]
      },
      "properties": {
        "fid": 242,
        "padron": 78242,
        "nomenclatura": "06-01-03-01-02",
        "distrito": "POTRERILLOS",
        "barrio_paraje": "Villa Potrerillos - Dique",
        "calle": "Calle A",
        "numero": 400,
        "superficie_m2": 12268,
        "zonificacion": "ZT - Zona Turística y Recreativa",
        "fos_max": 0.35,
        "fot_max": 0.6,
        "estado_edificacion": "Edificado",
        "servicios": "Agua potable, Cloacas, Red de Gas, Electricidad",
        "titularidad": "Privada Registrada",
        "fuente": "Dirección de Catastro Municipal - Luján de Cuyo",
        "val_fiscal": 1042780000
      }
    },
    {
      "type": "Feature",
      "id": "parcela.243",
      "geometry": {
        "type": "Polygon",
        "coordinates": [
          [
            [
              -69.1985,
              -32.9509
            ],
            [
              -69.1974,
              -32.9509
            ],
            [
              -69.1974,
              -32.95
            ],
            [
              -69.1985,
              -32.95
            ],
            [
              -69.1985,
              -32.9509
            ]
          ]
        ]
      },
      "properties": {
        "fid": 243,
        "padron": 78243,
        "nomenclatura": "06-01-03-01-03",
        "distrito": "POTRERILLOS",
        "barrio_paraje": "Villa Potrerillos - Dique",
        "calle": "Calle A",
        "numero": 450,
        "superficie_m2": 12268,
        "zonificacion": "ZT - Zona Turística y Recreativa",
        "fos_max": 0.35,
        "fot_max": 0.6,
        "estado_edificacion": "Edificado",
        "servicios": "Agua potable, Cloacas, Red de Gas, Electricidad",
        "titularidad": "Privada Registrada",
        "fuente": "Dirección de Catastro Municipal - Luján de Cuyo",
        "val_fiscal": 1042780000
      }
    },
    {
      "type": "Feature",
      "id": "parcela.244",
      "geometry": {
        "type": "Polygon",
        "coordinates": [
          [
            [
              -69.1972,
              -32.9509
            ],
            [
              -69.1961,
              -32.9509
            ],
            [
              -69.1961,
              -32.95
            ],
            [
              -69.1972,
              -32.95
            ],
            [
              -69.1972,
              -32.9509
            ]
          ]
        ]
      },
      "properties": {
        "fid": 244,
        "padron": 78244,
        "nomenclatura": "06-01-03-01-04",
        "distrito": "POTRERILLOS",
        "barrio_paraje": "Villa Potrerillos - Dique",
        "calle": "Calle A",
        "numero": 500,
        "superficie_m2": 12268,
        "zonificacion": "ZT - Zona Turística y Recreativa",
        "fos_max": 0.35,
        "fot_max": 0.6,
        "estado_edificacion": "Baldío",
        "servicios": "Agua potable, Cloacas, Red de Gas, Electricidad",
        "titularidad": "Privada Registrada",
        "fuente": "Dirección de Catastro Municipal - Luján de Cuyo",
        "val_fiscal": 1042780000
      }
    },
    {
      "type": "Feature",
      "id": "parcela.245",
      "geometry": {
        "type": "Polygon",
        "coordinates": [
          [
            [
              -69.195,
              -32.952
            ],
            [
              -69.1939,
              -32.952
            ],
            [
              -69.1939,
              -32.9511
            ],
            [
              -69.195,
              -32.9511
            ],
            [
              -69.195,
              -32.952
            ]
          ]
        ]
      },
      "properties": {
        "fid": 245,
        "padron": 78245,
        "nomenclatura": "06-01-03-02-01",
        "distrito": "POTRERILLOS",
        "barrio_paraje": "Villa Potrerillos - Dique",
        "calle": "Calle B",
        "numero": 350,
        "superficie_m2": 12268,
        "zonificacion": "ZT - Zona Turística y Recreativa",
        "fos_max": 0.35,
        "fot_max": 0.6,
        "estado_edificacion": "Edificado",
        "servicios": "Agua potable, Cloacas, Red de Gas, Electricidad",
        "titularidad": "Privada Registrada",
        "fuente": "Dirección de Catastro Municipal - Luján de Cuyo",
        "val_fiscal": 1042780000
      }
    },
    {
      "type": "Feature",
      "id": "parcela.246",
      "geometry": {
        "type": "Polygon",
        "coordinates": [
          [
            [
              -69.1937,
              -32.952
            ],
            [
              -69.1926,
              -32.952
            ],
            [
              -69.1926,
              -32.9511
            ],
            [
              -69.1937,
              -32.9511
            ],
            [
              -69.1937,
              -32.952
            ]
          ]
        ]
      },
      "properties": {
        "fid": 246,
        "padron": 78246,
        "nomenclatura": "06-01-03-02-02",
        "distrito": "POTRERILLOS",
        "barrio_paraje": "Villa Potrerillos - Dique",
        "calle": "Calle B",
        "numero": 400,
        "superficie_m2": 12268,
        "zonificacion": "ZT - Zona Turística y Recreativa",
        "fos_max": 0.35,
        "fot_max": 0.6,
        "estado_edificacion": "Edificado",
        "servicios": "Agua potable, Cloacas, Red de Gas, Electricidad",
        "titularidad": "Privada Registrada",
        "fuente": "Dirección de Catastro Municipal - Luján de Cuyo",
        "val_fiscal": 1042780000
      }
    },
    {
      "type": "Feature",
      "id": "parcela.247",
      "geometry": {
        "type": "Polygon",
        "coordinates": [
          [
            [
              -69.195,
              -32.9509
            ],
            [
              -69.1939,
              -32.9509
            ],
            [
              -69.1939,
              -32.95
            ],
            [
              -69.195,
              -32.95
            ],
            [
              -69.195,
              -32.9509
            ]
          ]
        ]
      },
      "properties": {
        "fid": 247,
        "padron": 78247,
        "nomenclatura": "06-01-03-02-03",
        "distrito": "POTRERILLOS",
        "barrio_paraje": "Villa Potrerillos - Dique",
        "calle": "Calle B",
        "numero": 450,
        "superficie_m2": 12268,
        "zonificacion": "ZT - Zona Turística y Recreativa",
        "fos_max": 0.35,
        "fot_max": 0.6,
        "estado_edificacion": "Edificado",
        "servicios": "Agua potable, Cloacas, Red de Gas, Electricidad",
        "titularidad": "Privada Registrada",
        "fuente": "Dirección de Catastro Municipal - Luján de Cuyo",
        "val_fiscal": 1042780000
      }
    },
    {
      "type": "Feature",
      "id": "parcela.248",
      "geometry": {
        "type": "Polygon",
        "coordinates": [
          [
            [
              -69.1937,
              -32.9509
            ],
            [
              -69.1926,
              -32.9509
            ],
            [
              -69.1926,
              -32.95
            ],
            [
              -69.1937,
              -32.95
            ],
            [
              -69.1937,
              -32.9509
            ]
          ]
        ]
      },
      "properties": {
        "fid": 248,
        "padron": 78248,
        "nomenclatura": "06-01-03-02-04",
        "distrito": "POTRERILLOS",
        "barrio_paraje": "Villa Potrerillos - Dique",
        "calle": "Calle B",
        "numero": 500,
        "superficie_m2": 12268,
        "zonificacion": "ZT - Zona Turística y Recreativa",
        "fos_max": 0.35,
        "fot_max": 0.6,
        "estado_edificacion": "Baldío",
        "servicios": "Agua potable, Cloacas, Red de Gas, Electricidad",
        "titularidad": "Privada Registrada",
        "fuente": "Dirección de Catastro Municipal - Luján de Cuyo",
        "val_fiscal": 1042780000
      }
    },
    {
      "type": "Feature",
      "id": "parcela.249",
      "geometry": {
        "type": "Polygon",
        "coordinates": [
          [
            [
              -69.1915,
              -32.952
            ],
            [
              -69.1904,
              -32.952
            ],
            [
              -69.1904,
              -32.9511
            ],
            [
              -69.1915,
              -32.9511
            ],
            [
              -69.1915,
              -32.952
            ]
          ]
        ]
      },
      "properties": {
        "fid": 249,
        "padron": 78249,
        "nomenclatura": "06-01-03-03-01",
        "distrito": "POTRERILLOS",
        "barrio_paraje": "Villa Potrerillos - Dique",
        "calle": "Calle C",
        "numero": 350,
        "superficie_m2": 12268,
        "zonificacion": "ZT - Zona Turística y Recreativa",
        "fos_max": 0.35,
        "fot_max": 0.6,
        "estado_edificacion": "Edificado",
        "servicios": "Agua potable, Cloacas, Red de Gas, Electricidad",
        "titularidad": "Privada Registrada",
        "fuente": "Dirección de Catastro Municipal - Luján de Cuyo",
        "val_fiscal": 1042780000
      }
    },
    {
      "type": "Feature",
      "id": "parcela.250",
      "geometry": {
        "type": "Polygon",
        "coordinates": [
          [
            [
              -69.1902,
              -32.952
            ],
            [
              -69.1891,
              -32.952
            ],
            [
              -69.1891,
              -32.9511
            ],
            [
              -69.1902,
              -32.9511
            ],
            [
              -69.1902,
              -32.952
            ]
          ]
        ]
      },
      "properties": {
        "fid": 250,
        "padron": 78250,
        "nomenclatura": "06-01-03-03-02",
        "distrito": "POTRERILLOS",
        "barrio_paraje": "Villa Potrerillos - Dique",
        "calle": "Calle C",
        "numero": 400,
        "superficie_m2": 12268,
        "zonificacion": "ZT - Zona Turística y Recreativa",
        "fos_max": 0.35,
        "fot_max": 0.6,
        "estado_edificacion": "Edificado",
        "servicios": "Agua potable, Cloacas, Red de Gas, Electricidad",
        "titularidad": "Privada Registrada",
        "fuente": "Dirección de Catastro Municipal - Luján de Cuyo",
        "val_fiscal": 1042780000
      }
    },
    {
      "type": "Feature",
      "id": "parcela.251",
      "geometry": {
        "type": "Polygon",
        "coordinates": [
          [
            [
              -69.1915,
              -32.9509
            ],
            [
              -69.1904,
              -32.9509
            ],
            [
              -69.1904,
              -32.95
            ],
            [
              -69.1915,
              -32.95
            ],
            [
              -69.1915,
              -32.9509
            ]
          ]
        ]
      },
      "properties": {
        "fid": 251,
        "padron": 78251,
        "nomenclatura": "06-01-03-03-03",
        "distrito": "POTRERILLOS",
        "barrio_paraje": "Villa Potrerillos - Dique",
        "calle": "Calle C",
        "numero": 450,
        "superficie_m2": 12268,
        "zonificacion": "ZT - Zona Turística y Recreativa",
        "fos_max": 0.35,
        "fot_max": 0.6,
        "estado_edificacion": "Edificado",
        "servicios": "Agua potable, Cloacas, Red de Gas, Electricidad",
        "titularidad": "Privada Registrada",
        "fuente": "Dirección de Catastro Municipal - Luján de Cuyo",
        "val_fiscal": 1042780000
      }
    },
    {
      "type": "Feature",
      "id": "parcela.252",
      "geometry": {
        "type": "Polygon",
        "coordinates": [
          [
            [
              -69.1902,
              -32.9509
            ],
            [
              -69.1891,
              -32.9509
            ],
            [
              -69.1891,
              -32.95
            ],
            [
              -69.1902,
              -32.95
            ],
            [
              -69.1902,
              -32.9509
            ]
          ]
        ]
      },
      "properties": {
        "fid": 252,
        "padron": 78252,
        "nomenclatura": "06-01-03-03-04",
        "distrito": "POTRERILLOS",
        "barrio_paraje": "Villa Potrerillos - Dique",
        "calle": "Calle C",
        "numero": 500,
        "superficie_m2": 12268,
        "zonificacion": "ZT - Zona Turística y Recreativa",
        "fos_max": 0.35,
        "fot_max": 0.6,
        "estado_edificacion": "Baldío",
        "servicios": "Agua potable, Cloacas, Red de Gas, Electricidad",
        "titularidad": "Privada Registrada",
        "fuente": "Dirección de Catastro Municipal - Luján de Cuyo",
        "val_fiscal": 1042780000
      }
    }
  ]
}